{
	"credit": "Made with Blockbench",
	"textures": {
		"0": "block/dark_oak_door_top",
		"particle": "block/dark_oak_door_bottom",
		"1_0": "block/dark_oak_door_bottom"
	},
	"elements": [
		{
			"from": [0, 16, 0],
			"to": [3, 18, 16],
			"faces": {
				"north": {"uv": [13, 13, 16, 15], "texture": "#0"},
				"east": {"uv": [0, 14, 16, 16], "texture": "#0"},
				"south": {"uv": [3, 14, 0, 16], "texture": "#0"},
				"west": {"uv": [16, 14, 0, 16], "texture": "#0"},
				"up": {"uv": [7, 2, 8, 10], "texture": "#0"}
			}
		},
		{
			"from": [0, 18, 13],
			"to": [3, 29, 16],
			"faces": {
				"north": {"uv": [2, 3, 3, 14], "texture": "#0"},
				"east": {"uv": [0, 3, 3, 14], "texture": "#0"},
				"south": {"uv": [3, 3, 0, 14], "texture": "#0"},
				"west": {"uv": [3, 3, 0, 14], "texture": "#0"}
			}
		},
		{
			"from": [0, 18, 6],
			"to": [3, 29, 10],
			"faces": {
				"north": {"uv": [9, 4, 10, 15], "texture": "#0"},
				"east": {"uv": [6, 3, 10, 14], "texture": "#0"},
				"south": {"uv": [7, 4, 8, 15], "texture": "#0"},
				"west": {"uv": [10, 3, 6, 14], "texture": "#0"}
			}
		},
		{
			"from": [0, 18, 0],
			"to": [3, 29, 3],
			"faces": {
				"north": {"uv": [13, 4, 16, 15], "texture": "#0"},
				"east": {"uv": [13, 3, 16, 14], "texture": "#0"},
				"south": {"uv": [7, 3, 8, 14], "texture": "#0"},
				"west": {"uv": [16, 3, 13, 14], "texture": "#0"}
			}
		},
		{
			"from": [0.5, 18, 10],
			"to": [2.5, 29, 13],
			"faces": {
				"east": {"uv": [3, 3, 6, 14], "texture": "#0"},
				"west": {"uv": [13, 3, 10, 14], "texture": "#0"}
			}
		},
		{
			"from": [0.5, 18, 3],
			"to": [2.5, 29, 6],
			"faces": {
				"east": {"uv": [10, 3, 13, 14], "texture": "#0"},
				"west": {"uv": [6, 3, 3, 14], "texture": "#0"}
			}
		},
		{
			"from": [0, 29, 0],
			"to": [3, 32, 16],
			"faces": {
				"north": {"uv": [13, 3, 16, 6], "texture": "#0"},
				"east": {"uv": [0, 0, 16, 3], "texture": "#0"},
				"south": {"uv": [3, 0, 0, 3], "texture": "#0"},
				"west": {"uv": [16, 0, 0, 3], "texture": "#0"},
				"up": {"uv": [6, 0, 9, 16], "texture": "#0"},
				"down": {"uv": [3, 2, 5, 3], "texture": "#0"}
			}
		},
		{
			"from": [3, 16, 2],
			"to": [3.5, 17, 5],
			"faces": {
				"north": {"uv": [13, 15, 14, 16], "texture": "#0"},
				"east": {"uv": [11, 15, 14, 16], "texture": "#0"},
				"south": {"uv": [11, 15, 12, 16], "texture": "#0"},
				"up": {"uv": [11, 15, 14, 16], "rotation": 270, "texture": "#0"},
				"down": {"uv": [11, 15, 14, 16], "rotation": 90, "texture": "#0"}
			}
		},
		{
			"from": [-0.5, 16, 2],
			"to": [0, 17, 5],
			"faces": {
				"north": {"uv": [11, 15, 12, 16], "texture": "#0"},
				"south": {"uv": [13, 15, 14, 16], "texture": "#0"},
				"west": {"uv": [11, 15, 14, 16], "texture": "#0"},
				"up": {"uv": [11, 15, 14, 16], "rotation": 90, "texture": "#0"},
				"down": {"uv": [11, 15, 14, 16], "rotation": 270, "texture": "#0"}
			}
		},
		{
			"from": [0, 0, 0],
			"to": [3, 3, 16],
			"faces": {
				"north": {"uv": [13, 13, 16, 16], "texture": "#1_0"},
				"east": {"uv": [0, 13, 16, 16], "texture": "#1_0"},
				"south": {"uv": [16, 13, 13, 16], "texture": "#1_0"},
				"west": {"uv": [16, 13, 0, 16], "texture": "#1_0"},
				"up": {"uv": [13, 3, 14, 11], "texture": "#1_0"},
				"down": {"uv": [13, 0, 16, 16], "texture": "#1_0"}
			}
		},
		{
			"from": [0, 3, 13],
			"to": [3, 14, 16],
			"faces": {
				"north": {"uv": [2, 2, 3, 13], "texture": "#1_0"},
				"east": {"uv": [0, 2, 3, 13], "texture": "#1_0"},
				"south": {"uv": [3, 2, 0, 13], "texture": "#1_0"},
				"west": {"uv": [3, 2, 0, 13], "texture": "#1_0"}
			}
		},
		{
			"from": [0, 3, 0],
			"to": [3, 14, 3],
			"faces": {
				"north": {"uv": [13, 3, 16, 14], "texture": "#1_0"},
				"east": {"uv": [13, 3, 16, 14], "texture": "#1_0"},
				"south": {"uv": [13, 2, 14, 13], "texture": "#1_0"},
				"west": {"uv": [16, 2, 13, 13], "texture": "#1_0"}
			}
		},
		{
			"from": [0.5, 3, 3],
			"to": [2.5, 14, 6],
			"faces": {
				"east": {"uv": [10, 2, 13, 13], "texture": "#1_0"},
				"west": {"uv": [6, 2, 3, 13], "texture": "#1_0"}
			}
		},
		{
			"from": [0.5, 3, 10],
			"to": [2.5, 14, 13],
			"faces": {
				"east": {"uv": [3, 2, 6, 13], "texture": "#1_0"},
				"west": {"uv": [13, 2, 10, 13], "texture": "#1_0"}
			}
		},
		{
			"from": [0, 3, 6],
			"to": [3, 14, 10],
			"faces": {
				"north": {"uv": [2, 2, 3, 13], "texture": "#1_0"},
				"east": {"uv": [6, 2, 10, 13], "texture": "#1_0"},
				"south": {"uv": [6, 2, 7, 13], "texture": "#1_0"},
				"west": {"uv": [10, 2, 6, 13], "texture": "#1_0"}
			}
		},
		{
			"from": [0, 14, 0],
			"to": [3, 16, 16],
			"faces": {
				"north": {"uv": [13, 2, 16, 4], "texture": "#1_0"},
				"east": {"uv": [0, 0, 16, 2], "texture": "#1_0"},
				"south": {"uv": [3, 0, 0, 2], "texture": "#1_0"},
				"west": {"uv": [16, 0, 0, 2], "texture": "#1_0"},
				"down": {"uv": [2, 0, 3, 16], "texture": "#1_0"}
			}
		},
		{
			"from": [-0.5, 15, 4],
			"to": [0, 16, 5],
			"faces": {
				"north": {"uv": [11, 0, 11.5, 1], "texture": "#1_0"},
				"south": {"uv": [11, 0, 11.5, 1], "texture": "#1_0"},
				"west": {"uv": [11, 0, 11.5, 1], "texture": "#1_0"},
				"down": {"uv": [11, 0, 11.5, 1], "rotation": 180, "texture": "#1_0"}
			}
		},
		{
			"from": [3, 15, 4],
			"to": [3.5, 16, 5],
			"faces": {
				"north": {"uv": [11, 0, 11.5, 1], "texture": "#1_0"},
				"east": {"uv": [11, 0, 11.5, 1], "texture": "#1_0"},
				"south": {"uv": [11, 0, 11.5, 1], "texture": "#1_0"},
				"down": {"uv": [11, 0, 11.5, 1], "rotation": 180, "texture": "#1_0"}
			}
		}
	],
	"display": {
		"thirdperson_righthand": {
			"rotation": [40, 50, 0],
			"translation": [0, 1, 0],
			"scale": [0.22, 0.22, 0.22]
		},
		"thirdperson_lefthand": {
			"rotation": [40, 50, 0],
			"translation": [0, -1.5, 0],
			"scale": [0.22, 0.22, 0.22]
		},
		"firstperson_righthand": {
			"rotation": [-22, 30, 0],
			"translation": [0, 1, 4],
			"scale": [0.25, 0.25, 0.25]
		},
		"firstperson_lefthand": {
			"rotation": [-16, 30, 0],
			"translation": [0, 1.5, 3],
			"scale": [0.25, 0.25, 0.25]
		},
		"ground": {
			"translation": [2, 3, 0],
			"scale": [0.25, 0.25, 0.25]
		},
		"gui": {
			"rotation": [30, 225, 0],
			"translation": [-2.5, -4.1, 0],
			"scale": [0.45, 0.45, 0.45]
		},
		"fixed": {
			"rotation": [0, -90, 0],
			"translation": [0, -3.5, 2.5],
			"scale": [0.5, 0.5, 0.5]
		}
	},
	"groups": [
		0,
		1,
		2,
		3,
		4,
		5,
		6,
		7,
		8,
		{
			"name": "dark_oak_door_bottom",
			"origin": [8, 8, 8],
			"color": 0,
			"children": [9, 10, 11, 12, 13, 14, 15, 16, 17]
		}
	]
}