{
	"credit": "Made by Ecorn",
	"textures": {
		"0": "block/pale_oak_door_top",
		"particle": "block/pale_oak_door_top",
		"1_0": "block/pale_oak_door_bottom"
	},
	"elements": [
		{
			"from": [0, 16, 0],
			"to": [3, 18, 16],
			"rotation": {"angle": 0, "axis": "y", "origin": [0, 16, 0]},
			"faces": {
				"north": {"uv": [13, 14, 16, 16], "texture": "#0"},
				"east": {"uv": [0, 14, 16, 16], "texture": "#0"},
				"south": {"uv": [0, 14, 3, 16], "texture": "#0"},
				"west": {"uv": [16, 14, 0, 16], "texture": "#0"},
				"up": {"uv": [0, 0, 16, 3], "rotation": 90, "texture": "#0"},
				"down": {"uv": [0, 13, 16, 16], "rotation": 90, "texture": "#0"}
			}
		},
		{
			"from": [0, 18, 0],
			"to": [3, 29, 3],
			"rotation": {"angle": 0, "axis": "y", "origin": [0, 17, -13]},
			"faces": {
				"north": {"uv": [13, 3, 16, 14], "texture": "#0"},
				"east": {"uv": [13, 3, 16, 14], "texture": "#0"},
				"south": {"uv": [3, 0, 14, 3], "rotation": 90, "texture": "#0"},
				"west": {"uv": [16, 3, 13, 14], "texture": "#0"}
			}
		},
		{
			"from": [0, 29, 0],
			"to": [3, 32, 16],
			"rotation": {"angle": 0, "axis": "y", "origin": [0, 30, 0]},
			"faces": {
				"north": {"uv": [13, 0, 16, 3], "texture": "#0"},
				"east": {"uv": [0, 0, 16, 3], "texture": "#0"},
				"south": {"uv": [0, 0, 3, 3], "texture": "#0"},
				"west": {"uv": [16, 0, 0, 3], "texture": "#0"},
				"up": {"uv": [0, 0, 16, 3], "rotation": 90, "texture": "#0"},
				"down": {"uv": [0, 0, 16, 3], "rotation": 90, "texture": "#0"}
			}
		},
		{
			"from": [0, 18, 13],
			"to": [3, 29, 16],
			"rotation": {"angle": 0, "axis": "y", "origin": [0, 17, 0]},
			"faces": {
				"north": {"uv": [0, 3, 3, 14], "texture": "#0"},
				"east": {"uv": [0, 3, 3, 14], "texture": "#0"},
				"south": {"uv": [0, 3, 3, 14], "texture": "#0"},
				"west": {"uv": [3, 3, 0, 14], "texture": "#0"}
			}
		},
		{
			"from": [1, 25, 5],
			"to": [3.5, 26, 7],
			"rotation": {"angle": 0, "axis": "y", "origin": [2, 24, 14]},
			"faces": {
				"north": {"uv": [11, 6, 10, 7], "texture": "#0"},
				"east": {"uv": [9, 6, 11, 7], "texture": "#0"},
				"south": {"uv": [10, 6, 9, 7], "texture": "#0"},
				"down": {"uv": [9, 6, 11, 7], "rotation": 90, "texture": "#0"}
			}
		},
		{
			"from": [1, 28, 5],
			"to": [3.5, 29, 7],
			"rotation": {"angle": 0, "axis": "y", "origin": [2, 27, 14]},
			"faces": {
				"north": {"uv": [11.5, 4, 9, 5], "texture": "#0"},
				"east": {"uv": [9, 3, 11, 4], "texture": "#0"},
				"south": {"uv": [11.5, 4, 9, 5], "texture": "#0"},
				"up": {"uv": [9, 3, 11, 5.5], "rotation": 90, "texture": "#0"}
			}
		},
		{
			"from": [-0.5, 25, 5],
			"to": [2, 26, 7],
			"rotation": {"angle": 0, "axis": "y", "origin": [0.5, 24, 14]},
			"faces": {
				"north": {"uv": [10.5, 6, 9, 7], "texture": "#0"},
				"south": {"uv": [10.5, 6, 9, 7], "texture": "#0"},
				"west": {"uv": [9, 6, 11, 7], "texture": "#0"},
				"down": {"uv": [9, 7.5, 11, 5], "rotation": 90, "texture": "#0"}
			}
		},
		{
			"from": [-0.5, 28, 5],
			"to": [2, 29, 7],
			"rotation": {"angle": 0, "axis": "y", "origin": [0.5, 27, 14]},
			"faces": {
				"north": {"uv": [11.5, 4, 9, 5], "texture": "#0"},
				"south": {"uv": [11.5, 4, 9, 5], "texture": "#0"},
				"west": {"uv": [9, 3, 11, 4], "texture": "#0"},
				"up": {"uv": [9, 5.5, 11, 3], "rotation": 90, "texture": "#0"}
			}
		},
		{
			"from": [-0.5, 26, 3],
			"to": [2, 28, 13],
			"rotation": {"angle": 0, "axis": "y", "origin": [0.5, 26, 14]},
			"faces": {
				"north": {"uv": [12.5, 4, 10, 6], "texture": "#0"},
				"west": {"uv": [13, 4, 3, 6], "texture": "#0"},
				"up": {"uv": [13, 6.5, 3, 4], "rotation": 90, "texture": "#0"},
				"down": {"uv": [3, 3.5, 13, 6], "rotation": 90, "texture": "#0"}
			}
		},
		{
			"from": [1, 26, 3],
			"to": [3.5, 28, 13],
			"rotation": {"angle": 0, "axis": "y", "origin": [2, 26, 14]},
			"faces": {
				"north": {"uv": [12.5, 4, 10, 6], "texture": "#0"},
				"east": {"uv": [3, 4, 13, 6], "texture": "#0"},
				"up": {"uv": [13, 4, 3, 6.5], "rotation": 90, "texture": "#0"},
				"down": {"uv": [3, 6, 13, 3.5], "rotation": 90, "texture": "#0"}
			}
		},
		{
			"from": [1, 18, 3],
			"to": [2, 29, 13],
			"rotation": {"angle": 0, "axis": "y", "origin": [0, 19, 3]},
			"faces": {
				"east": {"uv": [3, 3, 13, 14], "texture": "#0"},
				"west": {"uv": [13, 3, 3, 14], "texture": "#0"}
			}
		},
		{
			"from": [3, 16, 3],
			"to": [3.5, 17, 5],
			"rotation": {"angle": 0, "axis": "y", "origin": [0.5, 15, 11]},
			"faces": {
				"north": {"uv": [12.5, 15, 12, 16], "texture": "#0"},
				"east": {"uv": [11, 15, 13, 16], "texture": "#0"},
				"south": {"uv": [11.5, 15, 11, 16], "texture": "#0"},
				"up": {"uv": [13, 15.5, 11, 15], "rotation": 90, "texture": "#0"},
				"down": {"uv": [11, 15, 13, 15.5], "rotation": 90, "texture": "#0"}
			}
		},
		{
			"from": [-0.5, 16, 3],
			"to": [0, 17, 5],
			"rotation": {"angle": 0, "axis": "y", "origin": [-3, 15, 11]},
			"faces": {
				"north": {"uv": [12.5, 15, 12, 16], "texture": "#0"},
				"south": {"uv": [11.5, 15, 11, 16], "texture": "#0"},
				"west": {"uv": [11, 15, 13, 16], "texture": "#0"},
				"up": {"uv": [13, 15.5, 11, 15], "rotation": 90, "texture": "#0"},
				"down": {"uv": [11, 15, 13, 15.5], "rotation": 90, "texture": "#0"}
			}
		},
		{
			"from": [3, 26, 13],
			"to": [3.5, 28, 16],
			"rotation": {"angle": 0, "axis": "y", "origin": [0.5, 25, 21]},
			"faces": {
				"east": {"uv": [0, 4, 3, 6], "texture": "#0"},
				"south": {"uv": [2, 4, 1, 6], "texture": "#0"},
				"up": {"uv": [3, 4.5, 0, 4], "rotation": 90, "texture": "#0"},
				"down": {"uv": [0, 4, 3, 4.5], "rotation": 90, "texture": "#0"}
			}
		},
		{
			"from": [-0.5, 26, 13],
			"to": [0, 28, 16],
			"rotation": {"angle": 0, "axis": "y", "origin": [-3, 25, 21]},
			"faces": {
				"south": {"uv": [2, 4, 1, 6], "texture": "#0"},
				"west": {"uv": [3, 4, 0, 6], "texture": "#0"},
				"up": {"uv": [3, 4.5, 0, 4], "rotation": 90, "texture": "#0"},
				"down": {"uv": [0, 5, 3, 5.5], "rotation": 90, "texture": "#0"}
			}
		},
		{
			"from": [0.5, 19, 10],
			"to": [2.5, 26, 12],
			"rotation": {"angle": 0, "axis": "y", "origin": [-0.5, 18, 3]},
			"faces": {
				"north": {"uv": [5, 6, 6, 13], "texture": "#0"},
				"east": {"uv": [4, 6, 6, 13], "texture": "#0"},
				"south": {"uv": [5, 6, 4, 13], "texture": "#0"},
				"west": {"uv": [6, 6, 4, 13], "texture": "#0"},
				"down": {"uv": [4, 6, 6, 8], "texture": "#0"}
			}
		},
		{
			"from": [0.5, 19, 7],
			"to": [2.5, 26, 9],
			"rotation": {"angle": 0, "axis": "y", "origin": [-0.5, 18, 0]},
			"faces": {
				"north": {"uv": [8, 6, 9, 13], "texture": "#0"},
				"east": {"uv": [7, 6, 9, 13], "texture": "#0"},
				"south": {"uv": [8, 6, 7, 13], "texture": "#0"},
				"west": {"uv": [9, 6, 7, 13], "texture": "#0"},
				"down": {"uv": [7, 6, 9, 8], "texture": "#0"}
			}
		},
		{
			"from": [0.5, 19, 4],
			"to": [2.5, 26, 6],
			"rotation": {"angle": 0, "axis": "y", "origin": [-0.5, 18, -3]},
			"faces": {
				"north": {"uv": [4, 6, 5, 13], "texture": "#0"},
				"east": {"uv": [6, 6, 4, 13], "texture": "#0"},
				"south": {"uv": [6, 6, 5, 13], "texture": "#0"},
				"west": {"uv": [4, 6, 6, 13], "texture": "#0"},
				"down": {"uv": [4, 6, 6, 8], "texture": "#0"}
			}
		},
		{
			"from": [0, 0, 0],
			"to": [3, 4, 16],
			"faces": {
				"north": {"uv": [0, 12, 3, 16], "texture": "#1_0"},
				"east": {"uv": [0, 12, 16, 16], "texture": "#1_0"},
				"south": {"uv": [0, 12, 3, 16], "texture": "#1_0"},
				"west": {"uv": [16, 12, 0, 16], "texture": "#1_0"},
				"down": {"uv": [0, 13, 16, 16], "rotation": 90, "texture": "#1_0"}
			}
		},
		{
			"from": [0, 4, 13],
			"to": [3, 16, 16],
			"rotation": {"angle": 0, "axis": "y", "origin": [0, 4, 0]},
			"faces": {
				"north": {"uv": [1, 13, 13, 16], "rotation": 90, "texture": "#1_0"},
				"east": {"uv": [0, 0, 3, 12], "texture": "#1_0"},
				"south": {"uv": [0, 0, 3, 12], "texture": "#1_0"},
				"west": {"uv": [3, 0, 0, 12], "texture": "#1_0"},
				"up": {"uv": [0, 0, 3, 3], "texture": "#1_0"}
			}
		},
		{
			"from": [0, 4, 0],
			"to": [3, 16, 3],
			"rotation": {"angle": 0, "axis": "y", "origin": [0, 4, -13]},
			"faces": {
				"north": {"uv": [13, 4, 16, 16], "texture": "#1_0"},
				"east": {"uv": [13, 0, 16, 12], "texture": "#1_0"},
				"south": {"uv": [1, 13, 13, 16], "rotation": 90, "texture": "#1_0"},
				"west": {"uv": [16, 0, 13, 12], "texture": "#1_0"},
				"up": {"uv": [0, 0, 3, 3], "texture": "#1_0"}
			}
		},
		{
			"from": [0, 15, 3],
			"to": [3, 16, 13],
			"rotation": {"angle": 0, "axis": "y", "origin": [0, 4, -3]},
			"faces": {
				"east": {"uv": [3, 0, 13, 1], "texture": "#1_0"},
				"west": {"uv": [13, 0, 3, 1], "texture": "#1_0"},
				"up": {"uv": [0, 0, 3, 10], "texture": "#1_0"},
				"down": {"uv": [1, 13, 11, 16], "rotation": 90, "texture": "#1_0"}
			}
		},
		{
			"from": [1, 4, 3],
			"to": [2, 15, 13],
			"rotation": {"angle": 0, "axis": "y", "origin": [0, 5, 3]},
			"faces": {
				"east": {"uv": [3, 1, 13, 12], "texture": "#1_0"},
				"west": {"uv": [13, 1, 3, 12], "texture": "#1_0"}
			}
		},
		{
			"from": [1, 4, 3],
			"to": [3.5, 6, 16],
			"rotation": {"angle": 0, "axis": "y", "origin": [2, 4, 14]},
			"faces": {
				"north": {"uv": [13, 10, 10, 12], "texture": "#1_0"},
				"east": {"uv": [0, 10, 13, 12], "texture": "#1_0"},
				"south": {"uv": [0, 10, 3, 12], "texture": "#1_0"},
				"up": {"uv": [13, 10, 0, 12.5], "rotation": 90, "texture": "#1_0"},
				"down": {"uv": [0, 12, 13, 9], "rotation": 90, "texture": "#1_0"}
			}
		},
		{
			"from": [1, 6, 5],
			"to": [3.5, 7, 7],
			"rotation": {"angle": 0, "axis": "y", "origin": [2, 5, 14]},
			"faces": {
				"north": {"uv": [11.5, 10, 9, 11], "texture": "#1_0"},
				"east": {"uv": [9, 9, 11, 10], "texture": "#1_0"},
				"south": {"uv": [11.5, 10, 9, 11], "texture": "#1_0"},
				"up": {"uv": [9, 9, 11, 11.5], "rotation": 90, "texture": "#1_0"}
			}
		},
		{
			"from": [1, 3, 5],
			"to": [3.5, 4, 7],
			"rotation": {"angle": 0, "axis": "y", "origin": [2, 2, 14]},
			"faces": {
				"north": {"uv": [10.5, 12, 9, 13], "texture": "#1_0"},
				"east": {"uv": [9, 12, 11, 13], "texture": "#1_0"},
				"south": {"uv": [10.5, 12, 9, 13], "texture": "#1_0"},
				"down": {"uv": [9, 11, 11, 13.5], "rotation": 90, "texture": "#1_0"}
			}
		},
		{
			"from": [-0.5, 3, 5],
			"to": [2, 4, 7],
			"rotation": {"angle": 0, "axis": "y", "origin": [0.5, 2, 14]},
			"faces": {
				"north": {"uv": [10.5, 12, 9, 13], "texture": "#1_0"},
				"south": {"uv": [10.5, 12, 9, 13], "texture": "#1_0"},
				"west": {"uv": [9, 12, 11, 13], "texture": "#1_0"},
				"down": {"uv": [9, 13.5, 11, 11], "rotation": 90, "texture": "#1_0"}
			}
		},
		{
			"from": [-0.5, 6, 5],
			"to": [2, 7, 7],
			"rotation": {"angle": 0, "axis": "y", "origin": [0.5, 5, 14]},
			"faces": {
				"north": {"uv": [11.5, 10, 9, 11], "texture": "#1_0"},
				"south": {"uv": [11.5, 10, 9, 11], "texture": "#1_0"},
				"west": {"uv": [9, 9, 11, 10], "texture": "#1_0"},
				"up": {"uv": [9, 11.5, 11, 9], "rotation": 90, "texture": "#1_0"}
			}
		},
		{
			"from": [-0.5, 4, 3],
			"to": [2, 6, 16],
			"rotation": {"angle": 0, "axis": "y", "origin": [0.5, 4, 14]},
			"faces": {
				"north": {"uv": [13, 10, 10, 12], "texture": "#1_0"},
				"south": {"uv": [0, 10, 3, 12], "texture": "#1_0"},
				"west": {"uv": [13, 10, 0, 12], "texture": "#1_0"},
				"up": {"uv": [13, 13, 0, 10], "rotation": 90, "texture": "#1_0"},
				"down": {"uv": [0, 9, 13, 12], "rotation": 90, "texture": "#1_0"}
			}
		},
		{
			"from": [0.5, 6, 10],
			"to": [2.5, 13, 12],
			"rotation": {"angle": 0, "axis": "y", "origin": [-0.5, 5, 3]},
			"faces": {
				"north": {"uv": [5, 3, 6, 10], "texture": "#1_0"},
				"east": {"uv": [4, 3, 6, 10], "texture": "#1_0"},
				"south": {"uv": [5, 3, 4, 10], "texture": "#1_0"},
				"west": {"uv": [6, 3, 4, 10], "texture": "#1_0"},
				"up": {"uv": [4, 3, 6, 4], "rotation": 270, "texture": "#1_0"}
			}
		},
		{
			"from": [0.5, 6, 7],
			"to": [2.5, 13, 9],
			"rotation": {"angle": 0, "axis": "y", "origin": [-0.5, 5, 0]},
			"faces": {
				"north": {"uv": [8, 3, 9, 10], "texture": "#1_0"},
				"east": {"uv": [7, 3, 9, 10], "texture": "#1_0"},
				"south": {"uv": [8, 3, 7, 10], "texture": "#1_0"},
				"west": {"uv": [9, 3, 7, 10], "texture": "#1_0"},
				"up": {"uv": [7, 3, 9, 4], "rotation": 270, "texture": "#1_0"}
			}
		},
		{
			"from": [0.5, 6, 4],
			"to": [2.5, 13, 6],
			"rotation": {"angle": 0, "axis": "y", "origin": [-0.5, 5, -3]},
			"faces": {
				"north": {"uv": [4, 3, 5, 10], "texture": "#1_0"},
				"east": {"uv": [6, 3, 4, 10], "texture": "#1_0"},
				"south": {"uv": [6, 3, 5, 10], "texture": "#1_0"},
				"west": {"uv": [4, 3, 6, 10], "texture": "#1_0"},
				"up": {"uv": [4, 3, 6, 4], "rotation": 90, "texture": "#1_0"}
			}
		},
		{
			"from": [-0.5, 12, 2],
			"to": [0.5, 13, 6],
			"rotation": {"angle": 0, "axis": "y", "origin": [0.5, 11, 11]},
			"faces": {
				"north": {"uv": [14, 3, 10, 4], "texture": "#1_0"},
				"east": {"uv": [10, 3, 14, 4], "texture": "#1_0"},
				"south": {"uv": [14, 3, 10, 4], "texture": "#1_0"},
				"west": {"uv": [10, 3, 14, 4], "texture": "#1_0"},
				"up": {"uv": [10, 4, 14, 3], "rotation": 90, "texture": "#1_0"},
				"down": {"uv": [10, 3, 14, 4], "rotation": 90, "texture": "#1_0"}
			}
		},
		{
			"from": [3, 15, 3],
			"to": [3.5, 16, 5],
			"rotation": {"angle": 0, "axis": "y", "origin": [0.5, 14, 11]},
			"faces": {
				"north": {"uv": [12.5, 0, 12, 1], "texture": "#1_0"},
				"east": {"uv": [11, 0, 13, 1], "texture": "#1_0"},
				"south": {"uv": [11.5, 0, 11, 1], "texture": "#1_0"},
				"up": {"uv": [13, 0.5, 11, 0], "rotation": 90, "texture": "#1_0"},
				"down": {"uv": [11, 0, 13, 0.5], "rotation": 90, "texture": "#1_0"}
			}
		},
		{
			"from": [2.5, 12, 2],
			"to": [3.5, 13, 6],
			"rotation": {"angle": 0, "axis": "y", "origin": [3.5, 11, 11]},
			"faces": {
				"north": {"uv": [14, 3, 10, 4], "texture": "#1_0"},
				"east": {"uv": [10, 3, 14, 4], "texture": "#1_0"},
				"south": {"uv": [14, 3, 10, 4], "texture": "#1_0"},
				"west": {"uv": [10, 3, 14, 4], "texture": "#1_0"},
				"up": {"uv": [10, 4, 14, 3], "rotation": 90, "texture": "#1_0"},
				"down": {"uv": [10, 3, 14, 4], "rotation": 90, "texture": "#1_0"}
			}
		},
		{
			"from": [-0.5, 15, 3],
			"to": [0, 16, 5],
			"rotation": {"angle": 0, "axis": "y", "origin": [-3, 14, 11]},
			"faces": {
				"north": {"uv": [12.5, 0, 12, 1], "texture": "#1_0"},
				"south": {"uv": [11.5, 0, 11, 1], "texture": "#1_0"},
				"west": {"uv": [13, 0, 11, 1], "texture": "#1_0"},
				"up": {"uv": [13, 0.5, 11, 0], "rotation": 90, "texture": "#1_0"},
				"down": {"uv": [11, 0, 13, 0.5], "rotation": 90, "texture": "#1_0"}
			}
		},
		{
			"from": [3, 13, 2],
			"to": [3.5, 15, 3],
			"rotation": {"angle": 0, "axis": "y", "origin": [0.5, 13, 10]},
			"faces": {
				"north": {"uv": [13.5, 1, 13, 3], "texture": "#1_0"},
				"east": {"uv": [13, 1, 14, 3], "texture": "#1_0"},
				"south": {"uv": [13.5, 1, 13, 3], "texture": "#1_0"},
				"up": {"uv": [14, 1.5, 13, 1], "rotation": 90, "texture": "#1_0"}
			}
		},
		{
			"from": [-0.5, 13, 2],
			"to": [0, 15, 3],
			"rotation": {"angle": 0, "axis": "y", "origin": [-3, 13, 10]},
			"faces": {
				"north": {"uv": [13.5, 1, 13, 3], "texture": "#1_0"},
				"south": {"uv": [13.5, 1, 13, 3], "texture": "#1_0"},
				"west": {"uv": [13, 1, 14, 3], "texture": "#1_0"},
				"up": {"uv": [14, 1.5, 13, 1], "rotation": 90, "texture": "#1_0"}
			}
		},
		{
			"from": [-0.5, 13, 5],
			"to": [0.5, 15, 6],
			"rotation": {"angle": 0, "axis": "y", "origin": [-3, 13, 13]},
			"faces": {
				"north": {"uv": [13.5, 1, 13, 3], "texture": "#1_0"},
				"east": {"uv": [13, 1, 14, 3], "texture": "#1_0"},
				"south": {"uv": [13.5, 1, 13, 3], "texture": "#1_0"},
				"west": {"uv": [13, 1, 14, 3], "texture": "#1_0"},
				"up": {"uv": [14, 1.5, 13, 1], "rotation": 90, "texture": "#1_0"}
			}
		},
		{
			"from": [2.5, 13, 5],
			"to": [3.5, 15, 6],
			"rotation": {"angle": 0, "axis": "y", "origin": [0, 13, 13]},
			"faces": {
				"north": {"uv": [13.5, 1, 13, 3], "texture": "#1_0"},
				"east": {"uv": [13, 1, 14, 3], "texture": "#1_0"},
				"south": {"uv": [13.5, 1, 13, 3], "texture": "#1_0"},
				"west": {"uv": [13, 1, 14, 3], "texture": "#1_0"},
				"up": {"uv": [14, 1.5, 13, 1], "rotation": 90, "texture": "#1_0"}
			}
		}
	],
	"display": {
		"thirdperson_righthand": {
			"rotation": [40, 50, 0],
			"translation": [0, 1, 0],
			"scale": [0.22, 0.22, 0.22]
		},
		"thirdperson_lefthand": {
			"rotation": [40, 50, 0],
			"translation": [0, -1.5, 0],
			"scale": [0.22, 0.22, 0.22]
		},
		"firstperson_righthand": {
			"rotation": [-22, 30, 0],
			"translation": [0, 1, 4],
			"scale": [0.25, 0.25, 0.25]
		},
		"firstperson_lefthand": {
			"rotation": [-16, 30, 0],
			"translation": [0, 1.5, 3],
			"scale": [0.25, 0.25, 0.25]
		},
		"ground": {
			"translation": [2, 3, 0],
			"scale": [0.25, 0.25, 0.25]
		},
		"gui": {
			"rotation": [30, 225, 0],
			"translation": [-2.5, -4.1, 0],
			"scale": [0.45, 0.45, 0.45]
		},
		"fixed": {
			"rotation": [0, -90, 0],
			"translation": [0, -3.5, 2.5],
			"scale": [0.5, 0.5, 0.5]
		}
	}
}