{
	"credit": "Made by Ecorn",
	"textures": {
		"1": "block/weathered_copper_door_top",
		"2": "block/weathered_copper_door_bottom"
	},
	"elements": [
		{
			"from": [-0.5, 15, 3],
			"to": [0.5, 16, 5],
			"faces": {
				"north": {"uv": [11, 0, 12, 1], "texture": "#2"},
				"south": {"uv": [11, 0, 12, 1], "texture": "#2"},
				"west": {"uv": [11, 0, 13, 1], "texture": "#2"},
				"down": {"uv": [11, 0, 12, 1], "rotation": 180, "texture": "#2"}
			}
		},
		{
			"from": [2.5, 15, 3],
			"to": [3.5, 16, 5],
			"faces": {
				"north": {"uv": [11, 0, 12, 1], "texture": "#2"},
				"east": {"uv": [11, 0, 13, 1], "texture": "#2"},
				"south": {"uv": [11, 0, 12, 1], "texture": "#2"},
				"down": {"uv": [11, 0, 12, 1], "rotation": 180, "texture": "#2"}
			}
		},
		{
			"from": [2.5, 14, 11],
			"to": [3, 16, 13],
			"faces": {
				"north": {"uv": [4, 0, 5, 2], "texture": "#2"},
				"east": {"uv": [3, 0, 5, 2], "texture": "#2"},
				"down": {"uv": [4, 0, 5, 2], "texture": "#2"}
			}
		},
		{
			"from": [2.5, 14, 7],
			"to": [3, 16, 9],
			"faces": {
				"north": {"uv": [5, 10, 6, 12], "texture": "#2"},
				"east": {"uv": [4, 10, 6, 12], "texture": "#2"},
				"south": {"uv": [4, 10, 5, 12], "texture": "#2"},
				"down": {"uv": [5, 10, 6, 12], "texture": "#2"}
			}
		},
		{
			"from": [2, 4, 4],
			"to": [3, 6, 6],
			"faces": {
				"north": {"uv": [5, 10, 6, 12], "texture": "#2"},
				"east": {"uv": [4, 10, 6, 12], "texture": "#2"},
				"south": {"uv": [4, 10, 5, 12], "texture": "#2"},
				"up": {"uv": [5, 12, 4, 10], "texture": "#2"}
			}
		},
		{
			"from": [2, 4, 10],
			"to": [3, 6, 12],
			"faces": {
				"north": {"uv": [5, 10, 6, 12], "texture": "#2"},
				"east": {"uv": [4, 10, 6, 12], "texture": "#2"},
				"south": {"uv": [4, 10, 5, 12], "texture": "#2"},
				"up": {"uv": [5, 12, 4, 10], "texture": "#2"}
			}
		},
		{
			"from": [0, 14, 11],
			"to": [0.5, 16, 13],
			"faces": {
				"north": {"uv": [4, 0, 5, 2], "texture": "#2"},
				"west": {"uv": [5, 0, 3, 2], "texture": "#2"},
				"down": {"uv": [4, 0, 5, 2], "texture": "#2"}
			}
		},
		{
			"from": [0, 14, 7],
			"to": [0.5, 16, 9],
			"faces": {
				"north": {"uv": [5, 10, 6, 12], "texture": "#2"},
				"south": {"uv": [4, 10, 5, 12], "texture": "#2"},
				"west": {"uv": [6, 10, 4, 12], "texture": "#2"},
				"down": {"uv": [5, 10, 6, 12], "texture": "#2"}
			}
		},
		{
			"from": [0, 4, 10],
			"to": [1, 6, 12],
			"faces": {
				"north": {"uv": [5, 10, 6, 12], "texture": "#2"},
				"south": {"uv": [4, 10, 5, 12], "texture": "#2"},
				"west": {"uv": [6, 10, 4, 12], "texture": "#2"},
				"up": {"uv": [5, 12, 4, 10], "texture": "#2"}
			}
		},
		{
			"from": [0, 4, 4],
			"to": [1, 6, 6],
			"faces": {
				"north": {"uv": [5, 10, 6, 12], "texture": "#2"},
				"south": {"uv": [4, 10, 5, 12], "texture": "#2"},
				"west": {"uv": [6, 10, 4, 12], "texture": "#2"},
				"up": {"uv": [5, 12, 4, 10], "texture": "#2"}
			}
		},
		{
			"from": [0.5, 3, 3],
			"to": [2.5, 16, 13],
			"faces": {
				"east": {"uv": [3, 0, 13, 13], "texture": "#2"},
				"west": {"uv": [13, 0, 3, 13], "texture": "#2"}
			}
		},
		{
			"from": [0, 0, 3],
			"to": [3, 3, 13],
			"faces": {
				"east": {"uv": [3, 13, 13, 16], "texture": "#2"},
				"west": {"uv": [13, 13, 3, 16], "texture": "#2"},
				"up": {"uv": [6, 3, 9, 13], "texture": "#2"},
				"down": {"uv": [2, 3, 5, 13], "texture": "#2"}
			}
		},
		{
			"from": [3, 12, 2],
			"to": [3.5, 15, 3],
			"faces": {
				"north": {"uv": [13, 1, 14, 4], "texture": "#2"},
				"east": {"uv": [13, 1, 14, 4], "texture": "#2"},
				"south": {"uv": [13, 1, 14, 4], "texture": "#2"},
				"up": {"uv": [13, 1, 14, 2], "texture": "#2"}
			}
		},
		{
			"from": [2.5, 12, 5],
			"to": [3.5, 15, 6],
			"faces": {
				"north": {"uv": [10, 1, 11, 4], "texture": "#2"},
				"east": {"uv": [10, 1, 11, 4], "texture": "#2"},
				"south": {"uv": [10, 1, 11, 4], "texture": "#2"},
				"up": {"uv": [10, 1, 11, 2], "texture": "#2"}
			}
		},
		{
			"from": [2.5, 10, 2],
			"to": [3.5, 12, 6],
			"faces": {
				"north": {"uv": [13, 4, 14, 6], "texture": "#2"},
				"east": {"uv": [10, 4, 14, 6], "texture": "#2"},
				"south": {"uv": [10, 4, 11, 6], "texture": "#2"},
				"up": {"uv": [10, 4, 14, 5], "rotation": 90, "texture": "#2"},
				"down": {"uv": [10, 5, 14, 6], "rotation": 270, "texture": "#2"}
			}
		},
		{
			"from": [-0.5, 12, 5],
			"to": [0.5, 15, 6],
			"faces": {
				"north": {"uv": [10, 1, 11, 4], "texture": "#2"},
				"south": {"uv": [10, 1, 11, 4], "texture": "#2"},
				"west": {"uv": [10, 1, 11, 4], "texture": "#2"},
				"up": {"uv": [10, 1, 11, 2], "texture": "#2"}
			}
		},
		{
			"from": [-0.5, 12, 2],
			"to": [0, 15, 3],
			"faces": {
				"north": {"uv": [10, 1, 11, 4], "texture": "#2"},
				"south": {"uv": [10, 1, 11, 4], "texture": "#2"},
				"west": {"uv": [10, 1, 11, 4], "texture": "#2"},
				"up": {"uv": [10, 1, 11, 2], "texture": "#2"}
			}
		},
		{
			"from": [-0.5, 10, 2],
			"to": [0.5, 12, 6],
			"faces": {
				"north": {"uv": [13, 4, 14, 6], "texture": "#2"},
				"south": {"uv": [10, 4, 11, 6], "texture": "#2"},
				"west": {"uv": [14, 4, 10, 6], "texture": "#2"},
				"up": {"uv": [10, 4, 14, 5], "rotation": 90, "texture": "#2"},
				"down": {"uv": [10, 5, 14, 6], "rotation": 270, "texture": "#2"}
			}
		},
		{
			"from": [0, 0, 0],
			"to": [3, 16, 3],
			"faces": {
				"north": {"uv": [3, 0, 0, 16], "texture": "#2"},
				"east": {"uv": [13, 0, 16, 16], "texture": "#2"},
				"south": {"uv": [3, 0, 6, 16], "texture": "#2"},
				"west": {"uv": [16, 0, 13, 16], "texture": "#2"},
				"down": {"uv": [2, 3, 5, 0], "texture": "#2"}
			}
		},
		{
			"from": [0, 0, 13],
			"to": [3, 16, 16],
			"faces": {
				"north": {"uv": [3, 0, 6, 16], "texture": "#2"},
				"east": {"uv": [0, 0, 3, 16], "texture": "#2"},
				"south": {"uv": [0, 0, 3, 16], "texture": "#2"},
				"west": {"uv": [3, 0, 0, 16], "texture": "#2"},
				"down": {"uv": [2, 0, 5, 3], "texture": "#2"}
			}
		},
		{
			"from": [0, 16, 13],
			"to": [3, 32, 16],
			"faces": {
				"north": {"uv": [5, 0, 8, 16], "texture": "#2"},
				"east": {"uv": [0, 0, 3, 16], "texture": "#1"},
				"south": {"uv": [0, 0, 3, 16], "texture": "#1"},
				"west": {"uv": [3, 0, 0, 16], "texture": "#1"},
				"up": {"uv": [13, 0, 16, 3], "rotation": 180, "texture": "#1"}
			}
		},
		{
			"from": [0, 16, 0],
			"to": [3, 32, 3],
			"faces": {
				"north": {"uv": [3, 0, 0, 16], "texture": "#1"},
				"east": {"uv": [13, 0, 16, 16], "texture": "#1"},
				"south": {"uv": [5, 0, 8, 16], "texture": "#2"},
				"west": {"uv": [16, 0, 13, 16], "texture": "#1"},
				"up": {"uv": [0, 0, 3, 3], "texture": "#1"}
			}
		},
		{
			"from": [0, 29, 3],
			"to": [3, 32, 13],
			"faces": {
				"east": {"uv": [3, 0, 13, 3], "texture": "#1"},
				"west": {"uv": [13, 0, 3, 3], "texture": "#1"},
				"up": {"uv": [0, 3, 3, 13], "texture": "#1"},
				"down": {"uv": [1, 13, 11, 16], "rotation": 90, "texture": "#1"}
			}
		},
		{
			"from": [0, 16, 3],
			"to": [3, 19, 13],
			"faces": {
				"east": {"uv": [3, 13, 13, 16], "texture": "#1"},
				"west": {"uv": [13, 13, 3, 16], "texture": "#1"},
				"up": {"uv": [1, 13, 11, 16], "rotation": 90, "texture": "#1"},
				"down": {"uv": [1, 13, 11, 16], "rotation": 90, "texture": "#1"}
			}
		},
		{
			"from": [1, 19, 11],
			"to": [2, 21, 13],
			"faces": {
				"north": {"uv": [4, 11, 5, 13], "texture": "#1"},
				"east": {"uv": [3, 11, 5, 13], "texture": "#1"},
				"west": {"uv": [3, 11, 5, 13], "texture": "#1"},
				"up": {"uv": [3, 11, 4, 13], "rotation": 180, "texture": "#1"}
			}
		},
		{
			"from": [1, 20, 10],
			"to": [2, 23, 11],
			"faces": {
				"north": {"uv": [5, 9, 6, 12], "texture": "#1"},
				"east": {"uv": [5, 9, 6, 12], "texture": "#1"},
				"south": {"uv": [5, 9, 6, 12], "texture": "#1"},
				"west": {"uv": [5, 9, 6, 12], "texture": "#1"},
				"up": {"uv": [5, 9, 6, 10], "rotation": 180, "texture": "#1"},
				"down": {"uv": [5, 11, 6, 12], "rotation": 180, "texture": "#1"}
			}
		},
		{
			"from": [1, 20, 5],
			"to": [2, 23, 6],
			"faces": {
				"north": {"uv": [10, 9, 11, 12], "texture": "#1"},
				"east": {"uv": [10, 9, 11, 12], "texture": "#1"},
				"south": {"uv": [10, 9, 11, 12], "texture": "#1"},
				"west": {"uv": [10, 9, 11, 12], "texture": "#1"},
				"up": {"uv": [10, 9, 11, 10], "rotation": 180, "texture": "#1"},
				"down": {"uv": [10, 11, 11, 12], "rotation": 180, "texture": "#1"}
			}
		},
		{
			"from": [1, 25, 5],
			"to": [2, 28, 6],
			"faces": {
				"north": {"uv": [10, 4, 11, 7], "texture": "#1"},
				"east": {"uv": [10, 4, 11, 7], "texture": "#1"},
				"south": {"uv": [10, 4, 11, 7], "texture": "#1"},
				"west": {"uv": [10, 4, 11, 7], "texture": "#1"},
				"up": {"uv": [10, 4, 11, 5], "rotation": 180, "texture": "#1"},
				"down": {"uv": [10, 6, 11, 7], "rotation": 180, "texture": "#1"}
			}
		},
		{
			"from": [1, 25, 10],
			"to": [2, 28, 11],
			"faces": {
				"north": {"uv": [5, 4, 6, 7], "texture": "#1"},
				"east": {"uv": [5, 4, 6, 7], "texture": "#1"},
				"south": {"uv": [5, 4, 6, 7], "texture": "#1"},
				"west": {"uv": [5, 4, 6, 7], "texture": "#1"},
				"up": {"uv": [5, 4, 6, 5], "rotation": 180, "texture": "#1"},
				"down": {"uv": [5, 6, 6, 7], "rotation": 180, "texture": "#1"}
			}
		},
		{
			"from": [1, 19, 3],
			"to": [2, 21, 5],
			"faces": {
				"east": {"uv": [11, 11, 13, 13], "texture": "#1"},
				"south": {"uv": [11, 11, 12, 13], "texture": "#1"},
				"west": {"uv": [11, 11, 13, 13], "texture": "#1"},
				"up": {"uv": [11, 12, 13, 11], "rotation": 270, "texture": "#1"}
			}
		},
		{
			"from": [1, 27, 3],
			"to": [2, 29, 5],
			"faces": {
				"east": {"uv": [11, 3, 13, 5], "texture": "#1"},
				"south": {"uv": [11, 3, 12, 5], "texture": "#1"},
				"west": {"uv": [11, 3, 13, 5], "texture": "#1"},
				"down": {"uv": [13, 4, 11, 5], "rotation": 270, "texture": "#1"}
			}
		},
		{
			"from": [1, 27, 11],
			"to": [2, 29, 13],
			"faces": {
				"north": {"uv": [4, 3, 5, 5], "texture": "#1"},
				"east": {"uv": [3, 3, 5, 5], "texture": "#1"},
				"west": {"uv": [3, 3, 5, 5], "texture": "#1"},
				"down": {"uv": [3, 3, 4, 5], "rotation": 180, "texture": "#1"}
			}
		},
		{
			"from": [1, 26, 11],
			"to": [2, 27, 12],
			"faces": {
				"east": {"uv": [4, 5, 5, 6], "texture": "#1"},
				"south": {"uv": [4, 5, 5, 6], "texture": "#1"},
				"west": {"uv": [4, 5, 5, 6], "texture": "#1"},
				"down": {"uv": [4, 5, 5, 6], "rotation": 180, "texture": "#1"}
			}
		},
		{
			"from": [1, 26, 9],
			"to": [2, 27, 10],
			"faces": {
				"north": {"uv": [6, 5, 7, 6], "texture": "#1"},
				"east": {"uv": [6, 5, 7, 6], "texture": "#1"},
				"west": {"uv": [6, 5, 7, 6], "texture": "#1"},
				"up": {"uv": [6, 5, 7, 6], "rotation": 180, "texture": "#1"}
			}
		},
		{
			"from": [1, 21, 9],
			"to": [2, 22, 10],
			"faces": {
				"north": {"uv": [6, 10, 7, 11], "texture": "#1"},
				"east": {"uv": [6, 10, 7, 11], "texture": "#1"},
				"west": {"uv": [6, 10, 7, 11], "texture": "#1"},
				"down": {"uv": [6, 10, 7, 11], "rotation": 180, "texture": "#1"}
			}
		},
		{
			"from": [1, 21, 11],
			"to": [2, 22, 12],
			"faces": {
				"east": {"uv": [4, 10, 5, 11], "texture": "#1"},
				"south": {"uv": [4, 10, 5, 11], "texture": "#1"},
				"west": {"uv": [4, 10, 5, 11], "texture": "#1"},
				"up": {"uv": [4, 10, 5, 11], "rotation": 180, "texture": "#1"}
			}
		},
		{
			"from": [1, 21, 4],
			"to": [2, 22, 5],
			"faces": {
				"north": {"uv": [11, 10, 12, 11], "texture": "#1"},
				"east": {"uv": [11, 10, 12, 11], "texture": "#1"},
				"west": {"uv": [11, 10, 12, 11], "texture": "#1"},
				"up": {"uv": [11, 10, 12, 11], "rotation": 180, "texture": "#1"}
			}
		},
		{
			"from": [1, 26, 4],
			"to": [2, 27, 5],
			"faces": {
				"north": {"uv": [11, 5, 12, 6], "texture": "#1"},
				"east": {"uv": [11, 5, 12, 6], "texture": "#1"},
				"west": {"uv": [11, 5, 12, 6], "texture": "#1"},
				"down": {"uv": [11, 5, 12, 6], "rotation": 180, "texture": "#1"}
			}
		},
		{
			"from": [1, 26, 6],
			"to": [2, 27, 7],
			"faces": {
				"east": {"uv": [9, 5, 10, 6], "texture": "#1"},
				"south": {"uv": [9, 5, 10, 6], "texture": "#1"},
				"west": {"uv": [9, 5, 10, 6], "texture": "#1"},
				"up": {"uv": [9, 5, 10, 6], "rotation": 180, "texture": "#1"}
			}
		},
		{
			"from": [1, 21, 6],
			"to": [2, 22, 7],
			"faces": {
				"east": {"uv": [9, 10, 10, 11], "texture": "#1"},
				"south": {"uv": [9, 10, 10, 11], "texture": "#1"},
				"west": {"uv": [9, 10, 10, 11], "texture": "#1"},
				"down": {"uv": [9, 10, 10, 11], "rotation": 180, "texture": "#1"}
			}
		},
		{
			"from": [1, 22, 6],
			"to": [2, 26, 10],
			"faces": {
				"north": {"uv": [9, 6, 10, 10], "texture": "#1"},
				"east": {"uv": [6, 6, 10, 10], "texture": "#1"},
				"south": {"uv": [6, 6, 7, 10], "texture": "#1"},
				"west": {"uv": [6, 6, 10, 10], "texture": "#1"},
				"up": {"uv": [6, 6, 10, 7], "rotation": 270, "texture": "#1"},
				"down": {"uv": [6, 9, 10, 10], "rotation": 270, "texture": "#1"}
			}
		},
		{
			"from": [3, 16, 3],
			"to": [3.5, 17, 5],
			"faces": {
				"north": {"uv": [12, 15, 13, 16], "texture": "#1"},
				"east": {"uv": [11, 15, 13, 16], "texture": "#1"},
				"south": {"uv": [11, 15, 12, 16], "texture": "#1"},
				"up": {"uv": [11, 15, 13, 16], "rotation": 270, "texture": "#1"}
			}
		},
		{
			"from": [-0.5, 16, 3],
			"to": [0, 17, 5],
			"faces": {
				"north": {"uv": [12, 15, 13, 16], "texture": "#1"},
				"south": {"uv": [11, 15, 12, 16], "texture": "#1"},
				"west": {"uv": [11, 15, 13, 16], "rotation": 180, "texture": "#1"},
				"up": {"uv": [11, 15, 13, 16], "rotation": 270, "texture": "#1"}
			}
		}
	],
	"display": {
		"thirdperson_righthand": {
			"rotation": [40, 50, 0],
			"translation": [0, 1, 0],
			"scale": [0.22, 0.22, 0.22]
		},
		"thirdperson_lefthand": {
			"rotation": [40, 50, 0],
			"translation": [0, -1.5, 0],
			"scale": [0.22, 0.22, 0.22]
		},
		"firstperson_righthand": {
			"rotation": [-22, 30, 0],
			"translation": [0, 1, 4],
			"scale": [0.25, 0.25, 0.25]
		},
		"firstperson_lefthand": {
			"rotation": [-16, 30, 0],
			"translation": [0, 1.5, 3],
			"scale": [0.25, 0.25, 0.25]
		},
		"ground": {
			"translation": [2, 3, 0],
			"scale": [0.25, 0.25, 0.25]
		},
		"gui": {
			"rotation": [30, 225, 0],
			"translation": [-2.5, -4.1, 0],
			"scale": [0.45, 0.45, 0.45]
		},
		"fixed": {
			"rotation": [0, -90, 0],
			"translation": [0, -3.5, 2.5],
			"scale": [0.5, 0.5, 0.5]
		}
	}
}
