{
	"credit": "Made by Ecorn",
	"textures": {
		"2": "block/bamboo_door_bottom",
		"particle": "block/bamboo_door_bottom"
	},
	"elements": [
		{
			"from": [0, 0, 12],
			"to": [3, 16, 16],
			"rotation": {"angle": 0, "axis": "y", "origin": [1.5, 8.75, 8]},
			"faces": {
				"north": {"uv": [4, 0, 3, 16], "texture": "#2"},
				"east": {"uv": [16, 0, 12, 16], "texture": "#2"},
				"south": {"uv": [0, 0, 3, 16], "texture": "#2"},
				"west": {"uv": [12, 0, 16, 16], "texture": "#2"},
				"down": {"uv": [0, 0, 3, 4], "rotation": 180, "texture": "#2"}
			}
		},
		{
			"from": [1, 4, 4],
			"to": [2, 13, 12],
			"rotation": {"angle": 0, "axis": "y", "origin": [1.5, 8.75, 8]},
			"faces": {
				"east": {"uv": [12, 3, 4, 12], "texture": "#2"},
				"west": {"uv": [4, 3, 12, 12], "texture": "#2"}
			}
		},
		{
			"from": [0, 13, 4],
			"to": [3, 16, 12],
			"rotation": {"angle": 0, "axis": "y", "origin": [1.5, 8.75, 8]},
			"faces": {
				"east": {"uv": [12, 0, 4, 3], "texture": "#2"},
				"west": {"uv": [4, 0, 12, 3], "texture": "#2"},
				"up": {"uv": [0, 1, 3, 9], "rotation": 180, "texture": "#2"},
				"down": {"uv": [3, 2, 4, 10], "rotation": 180, "texture": "#2"}
			}
		},
		{
			"from": [0, 0, 4],
			"to": [3, 4, 12],
			"rotation": {"angle": 0, "axis": "y", "origin": [1.5, 8.75, 8]},
			"faces": {
				"east": {"uv": [4, 12, 12, 16], "texture": "#2"},
				"west": {"uv": [4, 12, 12, 16], "texture": "#2"},
				"up": {"uv": [12, 12, 4, 13], "rotation": 270, "texture": "#2"},
				"down": {"uv": [4, 13, 12, 16], "rotation": 270, "texture": "#2"}
			}
		},
		{
			"from": [0, 0, 0],
			"to": [3, 16, 4],
			"rotation": {"angle": 0, "axis": "y", "origin": [1.5, 8.75, 8]},
			"faces": {
				"north": {"uv": [3, 0, 0, 16], "texture": "#2"},
				"east": {"uv": [4, 0, 0, 16], "texture": "#2"},
				"south": {"uv": [3, 0, 4, 16], "texture": "#2"},
				"west": {"uv": [0, 0, 4, 16], "texture": "#2"},
				"down": {"uv": [0, 0, 3, 4], "rotation": 180, "texture": "#2"}
			}
		},
		{
			"from": [3, 13, 13],
			"to": [3.5, 15, 14],
			"rotation": {"angle": 0, "axis": "y", "origin": [1.5, 8.75, 8]},
			"faces": {
				"north": {"uv": [10, 1, 10.5, 3], "texture": "#2"},
				"east": {"uv": [10, 1, 11, 3], "texture": "#2"},
				"south": {"uv": [10, 1, 10.5, 3], "texture": "#2"},
				"up": {"uv": [10, 1, 10.5, 2], "rotation": 180, "texture": "#2"},
				"down": {"uv": [10, 1, 10.5, 2], "rotation": 180, "texture": "#2"}
			}
		},
		{
			"from": [3, 13, 10],
			"to": [3.5, 15, 11],
			"rotation": {"angle": 0, "axis": "y", "origin": [1.5, 8.75, 8]},
			"faces": {
				"north": {"uv": [13, 1, 13.5, 3], "texture": "#2"},
				"east": {"uv": [13, 1, 14, 3], "texture": "#2"},
				"south": {"uv": [13, 1, 13.5, 3], "texture": "#2"},
				"up": {"uv": [13, 1, 13.5, 2], "rotation": 180, "texture": "#2"},
				"down": {"uv": [13, 1, 13.5, 2], "rotation": 180, "texture": "#2"}
			}
		},
		{
			"from": [3, 15, 11],
			"to": [3.5, 16, 13],
			"rotation": {"angle": 0, "axis": "y", "origin": [1.5, 8.75, 8]},
			"faces": {
				"north": {"uv": [10, 1, 10.5, 2], "texture": "#2"},
				"east": {"uv": [10, 1, 11, 3], "rotation": 270, "texture": "#2"},
				"south": {"uv": [10, 1, 10.5, 2], "rotation": 180, "texture": "#2"},
				"up": {"uv": [10, 1, 10.5, 3], "rotation": 180, "texture": "#2"},
				"down": {"uv": [10, 1, 10.5, 3], "texture": "#2"}
			}
		},
		{
			"from": [3, 12, 11],
			"to": [3.5, 13, 13],
			"rotation": {"angle": 0, "axis": "y", "origin": [1.5, 8.75, 8]},
			"faces": {
				"north": {"uv": [13, 1, 13.5, 2], "texture": "#2"},
				"east": {"uv": [13, 1, 14, 3], "rotation": 270, "texture": "#2"},
				"south": {"uv": [13, 1, 13.5, 2], "rotation": 180, "texture": "#2"},
				"west": {"uv": [13, 1, 14, 3], "rotation": 90, "texture": "#2"},
				"up": {"uv": [13, 1, 13.5, 3], "rotation": 180, "texture": "#2"},
				"down": {"uv": [13, 1, 13.5, 3], "texture": "#2"}
			}
		},
		{
			"from": [-0.5, 13, 13],
			"to": [0, 15, 14],
			"rotation": {"angle": 0, "axis": "y", "origin": [1.5, 8.75, 8]},
			"faces": {
				"north": {"uv": [10, 1, 10.5, 3], "texture": "#2"},
				"south": {"uv": [10, 1, 10.5, 3], "texture": "#2"},
				"west": {"uv": [10, 1, 11, 3], "texture": "#2"},
				"up": {"uv": [10, 1, 10.5, 2], "rotation": 180, "texture": "#2"},
				"down": {"uv": [10, 1, 10.5, 2], "rotation": 180, "texture": "#2"}
			}
		},
		{
			"from": [-0.5, 15, 11],
			"to": [0, 16, 13],
			"rotation": {"angle": 0, "axis": "y", "origin": [1.5, 8.75, 8]},
			"faces": {
				"north": {"uv": [10, 1, 10.5, 2], "texture": "#2"},
				"south": {"uv": [10, 1, 10.5, 2], "rotation": 180, "texture": "#2"},
				"west": {"uv": [10, 1, 11, 3], "rotation": 90, "texture": "#2"},
				"up": {"uv": [10, 1, 10.5, 3], "rotation": 180, "texture": "#2"},
				"down": {"uv": [10, 1, 10.5, 3], "texture": "#2"}
			}
		},
		{
			"from": [-0.5, 12, 11],
			"to": [0, 13, 13],
			"rotation": {"angle": 0, "axis": "y", "origin": [1.5, 8.75, 8]},
			"faces": {
				"north": {"uv": [13, 1, 13.5, 2], "texture": "#2"},
				"east": {"uv": [13, 1, 14, 3], "rotation": 270, "texture": "#2"},
				"south": {"uv": [13, 1, 13.5, 2], "rotation": 180, "texture": "#2"},
				"west": {"uv": [13, 1, 14, 3], "rotation": 90, "texture": "#2"},
				"up": {"uv": [13, 1, 13.5, 3], "rotation": 180, "texture": "#2"},
				"down": {"uv": [13, 1, 13.5, 3], "texture": "#2"}
			}
		},
		{
			"from": [-0.5, 13, 10],
			"to": [0, 15, 11],
			"rotation": {"angle": 0, "axis": "y", "origin": [1.5, 8.75, 8]},
			"faces": {
				"north": {"uv": [13, 1, 13.5, 3], "texture": "#2"},
				"south": {"uv": [13, 1, 13.5, 3], "texture": "#2"},
				"west": {"uv": [13, 1, 14, 3], "texture": "#2"},
				"up": {"uv": [13, 1, 13.5, 2], "rotation": 180, "texture": "#2"},
				"down": {"uv": [13, 1, 13.5, 2], "rotation": 180, "texture": "#2"}
			}
		}
	]
}