{
	"credit": "Made by Ecorn",
	"textures": {
		"0": "block/jungle_door_bottom",
		"particle": "block/jungle_door_bottom"
	},
	"elements": [
		{
			"from": [0, 0, 0],
			"to": [3, 16, 16],
			"shade": false,
			"faces": {
				"north": {"uv": [1, 0, 4, 16], "texture": "#0"},
				"east": {"uv": [0, 0, 16, 16], "texture": "#0"},
				"south": {"uv": [0, 0, 3, 16], "texture": "#0"},
				"west": {"uv": [16, 0, 0, 16], "texture": "#0"},
				"down": {"uv": [0, 13, 16, 16], "rotation": 270, "texture": "#0"}
			}
		}
	]
}
