{
	"credit": "Made with Blockbench",
	"parent": "minecraft:block/door_top_left",
	"textures": {
		"particle": "block/mangrove_door_top",
		"top": "block/mangrove_door_top"
	},
	"elements": [
		{
			"from": [0, 0, 0],
			"to": [3, 16, 5],
			"faces": {
				"north": {"uv": [0, 0, 3, 16], "texture": "#top"},
				"east": {"uv": [11, 0, 16, 16], "texture": "#top"},
				"south": {"uv": [10, 0, 13, 16], "texture": "#top"},
				"west": {"uv": [16, 0, 11, 16], "texture": "#top"},
				"up": {"uv": [16, 0, 11, 3], "rotation": 90, "texture": "#top"},
				"down": {"uv": [16, 13, 11, 16], "rotation": 270, "texture": "#top"}
			}
		},
		{
			"from": [3.5, 0, 2],
			"to": [4, 3, 3],
			"faces": {
				"north": {"uv": [13, 13, 13.5, 16], "texture": "#top"},
				"east": {"uv": [13, 13, 14, 16], "texture": "#top"},
				"south": {"uv": [13, 13, 13.5, 16], "texture": "#top"},
				"west": {"uv": [13, 13, 14, 16], "texture": "#top"},
				"up": {"uv": [13, 13, 14, 13.5], "rotation": 90, "texture": "#top"},
				"down": {"uv": [13, 13, 14, 13.5], "rotation": 270, "texture": "#top"}
			}
		},
		{
			"from": [3, 2, 2],
			"to": [3.5, 3, 4],
			"faces": {
				"north": {"uv": [13, 13, 13.5, 14], "texture": "#top"},
				"east": {"uv": [12, 13, 14, 14], "texture": "#top"},
				"south": {"uv": [12, 13, 12.5, 14], "texture": "#top"},
				"up": {"uv": [14, 13, 12, 13.5], "rotation": 90, "texture": "#top"},
				"down": {"uv": [14, 13, 12, 13.5], "rotation": 270, "texture": "#top"}
			}
		},
		{
			"from": [-1, 0, 2],
			"to": [-0.5, 3, 3],
			"faces": {
				"north": {"uv": [13, 13, 13.5, 16], "texture": "#top"},
				"east": {"uv": [13, 13, 14, 16], "texture": "#top"},
				"south": {"uv": [13, 13, 13.5, 16], "texture": "#top"},
				"west": {"uv": [13, 13, 14, 16], "texture": "#top"},
				"up": {"uv": [13, 13, 14, 13.5], "rotation": 90, "texture": "#top"},
				"down": {"uv": [13, 13, 14, 13.5], "rotation": 270, "texture": "#top"}
			}
		},
		{
			"from": [-0.5, 2, 2],
			"to": [0, 3, 4],
			"faces": {
				"north": {"uv": [13, 13, 13.5, 14], "texture": "#top"},
				"south": {"uv": [12, 13, 12.5, 14], "texture": "#top"},
				"west": {"uv": [12, 13, 14, 14], "texture": "#top"},
				"up": {"uv": [14, 13, 12, 13.5], "rotation": 90, "texture": "#top"},
				"down": {"uv": [14, 13, 12, 13.5], "rotation": 270, "texture": "#top"}
			}
		},
		{
			"from": [1, 0, 5],
			"to": [2, 12, 11],
			"faces": {
				"east": {"uv": [5, 4, 11, 16], "texture": "#top"},
				"west": {"uv": [5, 4, 11, 16], "texture": "#top"},
				"down": {"uv": [5, 4, 11, 5], "rotation": 270, "texture": "#top"}
			}
		},
		{
			"from": [0, 0, 11],
			"to": [3, 16, 16],
			"faces": {
				"north": {"uv": [2, 0, 5, 16], "texture": "#top"},
				"east": {"uv": [0, 0, 5, 16], "texture": "#top"},
				"south": {"uv": [0, 0, 3, 16], "texture": "#top"},
				"west": {"uv": [5, 0, 0, 16], "texture": "#top"},
				"up": {"uv": [5, 0, 0, 3], "rotation": 90, "texture": "#top"},
				"down": {"uv": [5, 13, 0, 16], "rotation": 270, "texture": "#top"}
			}
		},
		{
			"from": [0, 11, 5],
			"to": [3, 16, 11],
			"faces": {
				"east": {"uv": [5, 0, 11, 5], "texture": "#top"},
				"west": {"uv": [11, 0, 5, 5], "texture": "#top"},
				"up": {"uv": [5, 0, 11, 3], "rotation": 90, "texture": "#top"},
				"down": {"uv": [5, 2, 11, 5], "rotation": 270, "texture": "#top"}
			}
		},
		{
			"from": [0, 10, 10],
			"to": [3, 11, 11],
			"faces": {
				"north": {"uv": [5, 5, 8, 6], "texture": "#top"},
				"east": {"uv": [5, 5, 6, 6], "texture": "#top"},
				"west": {"uv": [5, 5, 6, 6], "texture": "#top"},
				"down": {"uv": [5, 5, 6, 8], "rotation": 270, "texture": "#top"}
			}
		},
		{
			"from": [0, 10, 5],
			"to": [3, 11, 6],
			"faces": {
				"east": {"uv": [5, 5, 6, 6], "texture": "#top"},
				"south": {"uv": [5, 5, 8, 6], "texture": "#top"},
				"west": {"uv": [5, 5, 6, 6], "texture": "#top"},
				"down": {"uv": [5, 5, 6, 8], "rotation": 270, "texture": "#top"}
			}
		},
		{
			"from": [2, 6, 6],
			"to": [2.5, 8, 10],
			"faces": {
				"north": {"uv": [6, 8, 6.5, 10], "texture": "#top"},
				"east": {"uv": [6, 8, 10, 10], "texture": "#top"},
				"south": {"uv": [6, 8, 6.5, 10], "texture": "#top"},
				"up": {"uv": [6, 8, 10, 8.5], "rotation": 90, "texture": "#top"},
				"down": {"uv": [6, 9, 10, 9.5], "rotation": 270, "texture": "#top"}
			}
		},
		{
			"from": [2, 8, 7],
			"to": [2.5, 9, 9],
			"faces": {
				"north": {"uv": [7, 7, 8, 8], "texture": "#top"},
				"east": {"uv": [7, 7, 9, 8], "texture": "#top"},
				"south": {"uv": [7, 7, 8, 8], "texture": "#top"},
				"up": {"uv": [7, 7, 9, 8], "rotation": 90, "texture": "#top"}
			}
		},
		{
			"from": [2, 5, 7],
			"to": [2.5, 6, 9],
			"faces": {
				"north": {"uv": [7, 10, 8, 11], "texture": "#top"},
				"east": {"uv": [7, 10, 9, 11], "texture": "#top"},
				"south": {"uv": [7, 10, 8, 11], "texture": "#top"},
				"down": {"uv": [7, 10, 9, 11], "rotation": 270, "texture": "#top"}
			}
		},
		{
			"from": [2, 6, 7],
			"to": [3, 8, 9],
			"faces": {
				"north": {"uv": [7, 8, 8, 10], "texture": "#top"},
				"east": {"uv": [7, 8, 9, 10], "texture": "#top"},
				"south": {"uv": [7, 8, 8, 10], "texture": "#top"},
				"up": {"uv": [9, 8, 7, 9], "rotation": 90, "texture": "#top"},
				"down": {"uv": [7, 9, 9, 10], "rotation": 270, "texture": "#top"}
			}
		},
		{
			"from": [2, 1, 7],
			"to": [2.5, 2, 9],
			"faces": {
				"north": {"uv": [7, 14, 8, 15], "texture": "#top"},
				"east": {"uv": [7, 14, 9, 15], "texture": "#top"},
				"south": {"uv": [7, 14, 8, 15], "texture": "#top"},
				"up": {"uv": [7, 14, 9, 15], "rotation": 90, "texture": "#top"}
			}
		},
		{
			"from": [2.5, 0, 7],
			"to": [3, 1, 9],
			"faces": {
				"north": {"uv": [8, 15, 9, 16], "texture": "#top"},
				"east": {"uv": [7, 15, 9, 16], "texture": "#top"},
				"south": {"uv": [7, 15, 8, 16], "texture": "#top"},
				"up": {"uv": [7, 15, 9, 16], "rotation": 90, "texture": "#top"},
				"down": {"uv": [7, 15, 9, 16], "rotation": 270, "texture": "#top"}
			}
		},
		{
			"from": [2, 0, 6],
			"to": [2.5, 1, 10],
			"faces": {
				"north": {"uv": [6, 15, 6.5, 16], "texture": "#top"},
				"east": {"uv": [6, 15, 10, 16], "texture": "#top"},
				"south": {"uv": [6, 15, 6.5, 16], "texture": "#top"},
				"up": {"uv": [6, 15, 10, 15.5], "rotation": 90, "texture": "#top"},
				"down": {"uv": [6, 15, 10, 15.5], "rotation": 270, "texture": "#top"}
			}
		},
		{
			"from": [0.5, 6, 6],
			"to": [1, 8, 10],
			"faces": {
				"north": {"uv": [6, 8, 6.5, 10], "texture": "#top"},
				"south": {"uv": [6, 8, 6.5, 10], "texture": "#top"},
				"west": {"uv": [6, 8, 10, 10], "texture": "#top"},
				"up": {"uv": [6, 8, 10, 8.5], "rotation": 270, "texture": "#top"},
				"down": {"uv": [6, 9, 10, 9.5], "rotation": 90, "texture": "#top"}
			}
		},
		{
			"from": [0.5, 8, 7],
			"to": [1, 9, 9],
			"faces": {
				"north": {"uv": [7, 7, 8, 8], "texture": "#top"},
				"south": {"uv": [7, 7, 8, 8], "texture": "#top"},
				"west": {"uv": [7, 7, 9, 8], "texture": "#top"},
				"up": {"uv": [7, 7, 9, 8], "rotation": 270, "texture": "#top"}
			}
		},
		{
			"from": [0, 6, 7],
			"to": [1, 8, 9],
			"faces": {
				"north": {"uv": [7, 8, 8, 10], "texture": "#top"},
				"south": {"uv": [7, 8, 8, 10], "texture": "#top"},
				"west": {"uv": [7, 8, 9, 10], "texture": "#top"},
				"up": {"uv": [9, 8, 7, 9], "rotation": 270, "texture": "#top"},
				"down": {"uv": [7, 9, 9, 10], "rotation": 90, "texture": "#top"}
			}
		},
		{
			"from": [0.5, 5, 7],
			"to": [1, 6, 9],
			"faces": {
				"north": {"uv": [7, 10, 8, 11], "texture": "#top"},
				"south": {"uv": [7, 10, 8, 11], "texture": "#top"},
				"west": {"uv": [7, 10, 9, 11], "texture": "#top"},
				"down": {"uv": [7, 10, 9, 11], "rotation": 90, "texture": "#top"}
			}
		},
		{
			"from": [0.5, 1, 7],
			"to": [1, 2, 9],
			"faces": {
				"north": {"uv": [7, 14, 8, 15], "texture": "#top"},
				"south": {"uv": [7, 14, 8, 15], "texture": "#top"},
				"west": {"uv": [7, 14, 9, 15], "texture": "#top"},
				"up": {"uv": [7, 14, 9, 15], "rotation": 270, "texture": "#top"}
			}
		},
		{
			"from": [0.5, 0, 6],
			"to": [1, 1, 10],
			"faces": {
				"north": {"uv": [6, 15, 6.5, 16], "texture": "#top"},
				"south": {"uv": [6, 15, 6.5, 16], "texture": "#top"},
				"west": {"uv": [6, 15, 10, 16], "texture": "#top"},
				"up": {"uv": [6, 15, 10, 15.5], "rotation": 270, "texture": "#top"},
				"down": {"uv": [6, 15, 10, 15.5], "rotation": 90, "texture": "#top"}
			}
		},
		{
			"from": [0, 0, 7],
			"to": [0.5, 1, 9],
			"faces": {
				"north": {"uv": [7, 15, 8, 16], "texture": "#top"},
				"south": {"uv": [8, 15, 9, 16], "texture": "#top"},
				"west": {"uv": [7, 15, 9, 16], "texture": "#top"},
				"up": {"uv": [7, 15, 9, 16], "rotation": 270, "texture": "#top"},
				"down": {"uv": [7, 15, 9, 16], "rotation": 90, "texture": "#top"}
			}
		}
	]
}