{
	"credit": "Made by Ecorn",
	"parent": "minecraft:block/door_bottom",
	"textures": {
		"particle": "block/pale_oak_door_bottom",
		"bottom": "block/pale_oak_door_bottom"
	},
	"elements": [
		{
			"from": [0, 0, 0],
			"to": [3, 4, 16],
			"faces": {
				"north": {"uv": [0, 12, 3, 16], "texture": "#bottom"},
				"east": {"uv": [0, 12, 16, 16], "texture": "#bottom"},
				"south": {"uv": [0, 12, 3, 16], "texture": "#bottom"},
				"west": {"uv": [16, 12, 0, 16], "texture": "#bottom"},
				"down": {"uv": [0, 13, 16, 16], "rotation": 90, "texture": "#bottom"}
			}
		},
		{
			"from": [0, 4, 13],
			"to": [3, 16, 16],
			"rotation": {"angle": 0, "axis": "y", "origin": [0, 4, 0]},
			"faces": {
				"north": {"uv": [1, 13, 13, 16], "rotation": 90, "texture": "#bottom"},
				"east": {"uv": [0, 0, 3, 12], "texture": "#bottom"},
				"south": {"uv": [0, 0, 3, 12], "texture": "#bottom"},
				"west": {"uv": [3, 0, 0, 12], "texture": "#bottom"},
				"up": {"uv": [0, 0, 3, 3], "texture": "#bottom"}
			}
		},
		{
			"from": [0, 4, 0],
			"to": [3, 16, 3],
			"rotation": {"angle": 0, "axis": "y", "origin": [0, 4, -13]},
			"faces": {
				"north": {"uv": [13, 4, 16, 16], "texture": "#bottom"},
				"east": {"uv": [13, 0, 16, 12], "texture": "#bottom"},
				"south": {"uv": [1, 13, 13, 16], "rotation": 90, "texture": "#bottom"},
				"west": {"uv": [16, 0, 13, 12], "texture": "#bottom"},
				"up": {"uv": [0, 0, 3, 3], "texture": "#bottom"}
			}
		},
		{
			"from": [0, 15, 3],
			"to": [3, 16, 13],
			"rotation": {"angle": 0, "axis": "y", "origin": [0, 4, -3]},
			"faces": {
				"east": {"uv": [3, 0, 13, 1], "texture": "#bottom"},
				"west": {"uv": [13, 0, 3, 1], "texture": "#bottom"},
				"up": {"uv": [0, 0, 3, 10], "texture": "#bottom"},
				"down": {"uv": [1, 13, 11, 16], "rotation": 90, "texture": "#bottom"}
			}
		},
		{
			"from": [1, 4, 3],
			"to": [2, 15, 13],
			"rotation": {"angle": 0, "axis": "y", "origin": [0, 5, 3]},
			"faces": {
				"east": {"uv": [3, 1, 13, 12], "texture": "#bottom"},
				"west": {"uv": [13, 1, 3, 12], "texture": "#bottom"}
			}
		},
		{
			"from": [1, 4, 3],
			"to": [3.5, 6, 16],
			"rotation": {"angle": 0, "axis": "y", "origin": [2, 4, 14]},
			"faces": {
				"north": {"uv": [13, 10, 10, 12], "texture": "#bottom"},
				"east": {"uv": [0, 10, 13, 12], "texture": "#bottom"},
				"south": {"uv": [0, 10, 3, 12], "texture": "#bottom"},
				"up": {"uv": [13, 10, 0, 12.5], "rotation": 90, "texture": "#bottom"},
				"down": {"uv": [0, 12, 13, 9], "rotation": 90, "texture": "#bottom"}
			}
		},
		{
			"from": [1, 6, 5],
			"to": [3.5, 7, 7],
			"rotation": {"angle": 0, "axis": "y", "origin": [2, 5, 14]},
			"faces": {
				"north": {"uv": [11.5, 10, 9, 11], "texture": "#bottom"},
				"east": {"uv": [9, 9, 11, 10], "texture": "#bottom"},
				"south": {"uv": [11.5, 10, 9, 11], "texture": "#bottom"},
				"up": {"uv": [9, 9, 11, 11.5], "rotation": 90, "texture": "#bottom"}
			}
		},
		{
			"from": [1, 3, 5],
			"to": [3.5, 4, 7],
			"rotation": {"angle": 0, "axis": "y", "origin": [2, 2, 14]},
			"faces": {
				"north": {"uv": [10.5, 12, 9, 13], "texture": "#bottom"},
				"east": {"uv": [9, 12, 11, 13], "texture": "#bottom"},
				"south": {"uv": [10.5, 12, 9, 13], "texture": "#bottom"},
				"down": {"uv": [9, 11, 11, 13.5], "rotation": 90, "texture": "#bottom"}
			}
		},
		{
			"from": [-0.5, 3, 5],
			"to": [2, 4, 7],
			"rotation": {"angle": 0, "axis": "y", "origin": [0.5, 2, 14]},
			"faces": {
				"north": {"uv": [10.5, 12, 9, 13], "texture": "#bottom"},
				"south": {"uv": [10.5, 12, 9, 13], "texture": "#bottom"},
				"west": {"uv": [9, 12, 11, 13], "texture": "#bottom"},
				"down": {"uv": [9, 13.5, 11, 11], "rotation": 90, "texture": "#bottom"}
			}
		},
		{
			"from": [-0.5, 6, 5],
			"to": [2, 7, 7],
			"rotation": {"angle": 0, "axis": "y", "origin": [0.5, 5, 14]},
			"faces": {
				"north": {"uv": [11.5, 10, 9, 11], "texture": "#bottom"},
				"south": {"uv": [11.5, 10, 9, 11], "texture": "#bottom"},
				"west": {"uv": [9, 9, 11, 10], "texture": "#bottom"},
				"up": {"uv": [9, 11.5, 11, 9], "rotation": 90, "texture": "#bottom"}
			}
		},
		{
			"from": [-0.5, 4, 3],
			"to": [2, 6, 16],
			"rotation": {"angle": 0, "axis": "y", "origin": [0.5, 4, 14]},
			"faces": {
				"north": {"uv": [13, 10, 10, 12], "texture": "#bottom"},
				"south": {"uv": [0, 10, 3, 12], "texture": "#bottom"},
				"west": {"uv": [13, 10, 0, 12], "texture": "#bottom"},
				"up": {"uv": [13, 13, 0, 10], "rotation": 90, "texture": "#bottom"},
				"down": {"uv": [0, 9, 13, 12], "rotation": 90, "texture": "#bottom"}
			}
		},
		{
			"from": [0.5, 6, 10],
			"to": [2.5, 13, 12],
			"rotation": {"angle": 0, "axis": "y", "origin": [-0.5, 5, 3]},
			"faces": {
				"north": {"uv": [5, 3, 6, 10], "texture": "#bottom"},
				"east": {"uv": [4, 3, 6, 10], "texture": "#bottom"},
				"south": {"uv": [5, 3, 4, 10], "texture": "#bottom"},
				"west": {"uv": [6, 3, 4, 10], "texture": "#bottom"},
				"up": {"uv": [4, 3, 6, 4], "rotation": 270, "texture": "#bottom"}
			}
		},
		{
			"from": [0.5, 6, 7],
			"to": [2.5, 13, 9],
			"rotation": {"angle": 0, "axis": "y", "origin": [-0.5, 5, 0]},
			"faces": {
				"north": {"uv": [8, 3, 9, 10], "texture": "#bottom"},
				"east": {"uv": [7, 3, 9, 10], "texture": "#bottom"},
				"south": {"uv": [8, 3, 7, 10], "texture": "#bottom"},
				"west": {"uv": [9, 3, 7, 10], "texture": "#bottom"},
				"up": {"uv": [7, 3, 9, 4], "rotation": 270, "texture": "#bottom"}
			}
		},
		{
			"from": [0.5, 6, 4],
			"to": [2.5, 13, 6],
			"rotation": {"angle": 0, "axis": "y", "origin": [-0.5, 5, -3]},
			"faces": {
				"north": {"uv": [4, 3, 5, 10], "texture": "#bottom"},
				"east": {"uv": [6, 3, 4, 10], "texture": "#bottom"},
				"south": {"uv": [6, 3, 5, 10], "texture": "#bottom"},
				"west": {"uv": [4, 3, 6, 10], "texture": "#bottom"},
				"up": {"uv": [4, 3, 6, 4], "rotation": 90, "texture": "#bottom"}
			}
		},
		{
			"from": [-0.5, 12, 2],
			"to": [0.5, 13, 6],
			"rotation": {"angle": 0, "axis": "y", "origin": [0.5, 11, 11]},
			"faces": {
				"north": {"uv": [14, 3, 10, 4], "texture": "#bottom"},
				"east": {"uv": [10, 3, 14, 4], "texture": "#bottom"},
				"south": {"uv": [14, 3, 10, 4], "texture": "#bottom"},
				"west": {"uv": [10, 3, 14, 4], "texture": "#bottom"},
				"up": {"uv": [10, 4, 14, 3], "rotation": 90, "texture": "#bottom"},
				"down": {"uv": [10, 3, 14, 4], "rotation": 90, "texture": "#bottom"}
			}
		},
		{
			"from": [3, 15, 3],
			"to": [3.5, 16, 5],
			"rotation": {"angle": 0, "axis": "y", "origin": [0.5, 14, 11]},
			"faces": {
				"north": {"uv": [12.5, 0, 12, 1], "texture": "#bottom"},
				"east": {"uv": [11, 0, 13, 1], "texture": "#bottom"},
				"south": {"uv": [11.5, 0, 11, 1], "texture": "#bottom"},
				"up": {"uv": [13, 0.5, 11, 0], "rotation": 90, "texture": "#bottom"},
				"down": {"uv": [11, 0, 13, 0.5], "rotation": 90, "texture": "#bottom"}
			}
		},
		{
			"from": [2.5, 12, 2],
			"to": [3.5, 13, 6],
			"rotation": {"angle": 0, "axis": "y", "origin": [3.5, 11, 11]},
			"faces": {
				"north": {"uv": [14, 3, 10, 4], "texture": "#bottom"},
				"east": {"uv": [10, 3, 14, 4], "texture": "#bottom"},
				"south": {"uv": [14, 3, 10, 4], "texture": "#bottom"},
				"west": {"uv": [10, 3, 14, 4], "texture": "#bottom"},
				"up": {"uv": [10, 4, 14, 3], "rotation": 90, "texture": "#bottom"},
				"down": {"uv": [10, 3, 14, 4], "rotation": 90, "texture": "#bottom"}
			}
		},
		{
			"from": [-0.5, 15, 3],
			"to": [0, 16, 5],
			"rotation": {"angle": 0, "axis": "y", "origin": [-3, 14, 11]},
			"faces": {
				"north": {"uv": [12.5, 0, 12, 1], "texture": "#bottom"},
				"south": {"uv": [11.5, 0, 11, 1], "texture": "#bottom"},
				"west": {"uv": [13, 0, 11, 1], "texture": "#bottom"},
				"up": {"uv": [13, 0.5, 11, 0], "rotation": 90, "texture": "#bottom"},
				"down": {"uv": [11, 0, 13, 0.5], "rotation": 90, "texture": "#bottom"}
			}
		},
		{
			"from": [3, 13, 2],
			"to": [3.5, 15, 3],
			"rotation": {"angle": 0, "axis": "y", "origin": [0.5, 13, 10]},
			"faces": {
				"north": {"uv": [13.5, 1, 13, 3], "texture": "#bottom"},
				"east": {"uv": [13, 1, 14, 3], "texture": "#bottom"},
				"south": {"uv": [13.5, 1, 13, 3], "texture": "#bottom"},
				"up": {"uv": [14, 1.5, 13, 1], "rotation": 90, "texture": "#bottom"}
			}
		},
		{
			"from": [-0.5, 13, 2],
			"to": [0, 15, 3],
			"rotation": {"angle": 0, "axis": "y", "origin": [-3, 13, 10]},
			"faces": {
				"north": {"uv": [13.5, 1, 13, 3], "texture": "#bottom"},
				"south": {"uv": [13.5, 1, 13, 3], "texture": "#bottom"},
				"west": {"uv": [13, 1, 14, 3], "texture": "#bottom"},
				"up": {"uv": [14, 1.5, 13, 1], "rotation": 90, "texture": "#bottom"}
			}
		},
		{
			"from": [-0.5, 13, 5],
			"to": [0.5, 15, 6],
			"rotation": {"angle": 0, "axis": "y", "origin": [-3, 13, 13]},
			"faces": {
				"north": {"uv": [13.5, 1, 13, 3], "texture": "#bottom"},
				"east": {"uv": [13, 1, 14, 3], "texture": "#bottom"},
				"south": {"uv": [13.5, 1, 13, 3], "texture": "#bottom"},
				"west": {"uv": [13, 1, 14, 3], "texture": "#bottom"},
				"up": {"uv": [14, 1.5, 13, 1], "rotation": 90, "texture": "#bottom"}
			}
		},
		{
			"from": [2.5, 13, 5],
			"to": [3.5, 15, 6],
			"rotation": {"angle": 0, "axis": "y", "origin": [0, 13, 13]},
			"faces": {
				"north": {"uv": [13.5, 1, 13, 3], "texture": "#bottom"},
				"east": {"uv": [13, 1, 14, 3], "texture": "#bottom"},
				"south": {"uv": [13.5, 1, 13, 3], "texture": "#bottom"},
				"west": {"uv": [13, 1, 14, 3], "texture": "#bottom"},
				"up": {"uv": [14, 1.5, 13, 1], "rotation": 90, "texture": "#bottom"}
			}
		}
	]
}