{
	"credit": "Made by Ecorn",
	"textures": {
		"0": "block/pale_oak_door_top",
		"particle": "block/pale_oak_door_top"
	},
	"elements": [
		{
			"from": [0, 0, 0],
			"to": [3, 2, 16],
			"faces": {
				"north": {"uv": [13, 14, 16, 16], "texture": "#0"},
				"east": {"uv": [0, 14, 16, 16], "texture": "#0"},
				"south": {"uv": [0, 14, 3, 16], "texture": "#0"},
				"west": {"uv": [16, 14, 0, 16], "texture": "#0"},
				"up": {"uv": [0, 0, 16, 3], "rotation": 90, "texture": "#0"},
				"down": {"uv": [0, 13, 16, 16], "rotation": 90, "texture": "#0"}
			}
		},
		{
			"from": [0, 2, 0],
			"to": [3, 13, 3],
			"rotation": {"angle": 0, "axis": "y", "origin": [0, 1, -13]},
			"faces": {
				"north": {"uv": [13, 3, 16, 14], "texture": "#0"},
				"east": {"uv": [13, 3, 16, 14], "texture": "#0"},
				"south": {"uv": [3, 0, 14, 3], "rotation": 90, "texture": "#0"},
				"west": {"uv": [16, 3, 13, 14], "texture": "#0"}
			}
		},
		{
			"from": [0, 13, 0],
			"to": [3, 16, 16],
			"rotation": {"angle": 0, "axis": "y", "origin": [0, 14, 0]},
			"faces": {
				"north": {"uv": [13, 0, 16, 3], "texture": "#0"},
				"east": {"uv": [0, 0, 16, 3], "texture": "#0"},
				"south": {"uv": [0, 0, 3, 3], "texture": "#0"},
				"west": {"uv": [16, 0, 0, 3], "texture": "#0"},
				"up": {"uv": [0, 0, 16, 3], "rotation": 90, "texture": "#0"},
				"down": {"uv": [0, 0, 16, 3], "rotation": 90, "texture": "#0"}
			}
		},
		{
			"from": [0, 2, 13],
			"to": [3, 13, 16],
			"rotation": {"angle": 0, "axis": "y", "origin": [0, 1, 0]},
			"faces": {
				"north": {"uv": [0, 3, 3, 14], "texture": "#0"},
				"east": {"uv": [0, 3, 3, 14], "texture": "#0"},
				"south": {"uv": [0, 3, 3, 14], "texture": "#0"},
				"west": {"uv": [3, 3, 0, 14], "texture": "#0"}
			}
		},
		{
			"from": [1, 9, 5],
			"to": [3.5, 10, 7],
			"rotation": {"angle": 0, "axis": "y", "origin": [2, 8, 14]},
			"faces": {
				"north": {"uv": [11, 6, 10, 7], "texture": "#0"},
				"east": {"uv": [9, 6, 11, 7], "texture": "#0"},
				"south": {"uv": [10, 6, 9, 7], "texture": "#0"},
				"down": {"uv": [9, 6, 11, 7], "rotation": 90, "texture": "#0"}
			}
		},
		{
			"from": [1, 12, 5],
			"to": [3.5, 13, 7],
			"rotation": {"angle": 0, "axis": "y", "origin": [2, 11, 14]},
			"faces": {
				"north": {"uv": [11.5, 4, 9, 5], "texture": "#0"},
				"east": {"uv": [9, 3, 11, 4], "texture": "#0"},
				"south": {"uv": [11.5, 4, 9, 5], "texture": "#0"},
				"up": {"uv": [9, 3, 11, 5.5], "rotation": 90, "texture": "#0"}
			}
		},
		{
			"from": [-0.5, 9, 5],
			"to": [2, 10, 7],
			"rotation": {"angle": 0, "axis": "y", "origin": [0.5, 8, 14]},
			"faces": {
				"north": {"uv": [10.5, 6, 9, 7], "texture": "#0"},
				"south": {"uv": [10.5, 6, 9, 7], "texture": "#0"},
				"west": {"uv": [9, 6, 11, 7], "texture": "#0"},
				"down": {"uv": [9, 7.5, 11, 5], "rotation": 90, "texture": "#0"}
			}
		},
		{
			"from": [-0.5, 12, 5],
			"to": [2, 13, 7],
			"rotation": {"angle": 0, "axis": "y", "origin": [0.5, 11, 14]},
			"faces": {
				"north": {"uv": [11.5, 4, 9, 5], "texture": "#0"},
				"south": {"uv": [11.5, 4, 9, 5], "texture": "#0"},
				"west": {"uv": [9, 3, 11, 4], "texture": "#0"},
				"up": {"uv": [9, 5.5, 11, 3], "rotation": 90, "texture": "#0"}
			}
		},
		{
			"from": [-0.5, 10, 3],
			"to": [2, 12, 13],
			"rotation": {"angle": 0, "axis": "y", "origin": [0.5, 10, 14]},
			"faces": {
				"north": {"uv": [12.5, 4, 10, 6], "texture": "#0"},
				"west": {"uv": [13, 4, 3, 6], "texture": "#0"},
				"up": {"uv": [13, 6.5, 3, 4], "rotation": 90, "texture": "#0"},
				"down": {"uv": [3, 3.5, 13, 6], "rotation": 90, "texture": "#0"}
			}
		},
		{
			"from": [1, 10, 3],
			"to": [3.5, 12, 13],
			"rotation": {"angle": 0, "axis": "y", "origin": [2, 10, 14]},
			"faces": {
				"north": {"uv": [12.5, 4, 10, 6], "texture": "#0"},
				"east": {"uv": [3, 4, 13, 6], "texture": "#0"},
				"up": {"uv": [13, 4, 3, 6.5], "rotation": 90, "texture": "#0"},
				"down": {"uv": [3, 6, 13, 3.5], "rotation": 90, "texture": "#0"}
			}
		},
		{
			"from": [1, 2, 3],
			"to": [2, 13, 13],
			"rotation": {"angle": 0, "axis": "y", "origin": [0, 3, 3]},
			"faces": {
				"east": {"uv": [3, 3, 13, 14], "texture": "#0"},
				"west": {"uv": [13, 3, 3, 14], "texture": "#0"}
			}
		},
		{
			"from": [3, 0, 3],
			"to": [3.5, 1, 5],
			"rotation": {"angle": 0, "axis": "y", "origin": [0.5, -1, 11]},
			"faces": {
				"north": {"uv": [12.5, 15, 12, 16], "texture": "#0"},
				"east": {"uv": [11, 15, 13, 16], "texture": "#0"},
				"south": {"uv": [11.5, 15, 11, 16], "texture": "#0"},
				"up": {"uv": [13, 15.5, 11, 15], "rotation": 90, "texture": "#0"},
				"down": {"uv": [11, 15, 13, 15.5], "rotation": 90, "texture": "#0"}
			}
		},
		{
			"from": [-0.5, 0, 3],
			"to": [0, 1, 5],
			"rotation": {"angle": 0, "axis": "y", "origin": [-3, -1, 11]},
			"faces": {
				"north": {"uv": [12.5, 15, 12, 16], "texture": "#0"},
				"south": {"uv": [11.5, 15, 11, 16], "texture": "#0"},
				"west": {"uv": [11, 15, 13, 16], "texture": "#0"},
				"up": {"uv": [13, 15.5, 11, 15], "rotation": 90, "texture": "#0"},
				"down": {"uv": [11, 15, 13, 15.5], "rotation": 90, "texture": "#0"}
			}
		},
		{
			"from": [3, 10, 13],
			"to": [3.5, 12, 16],
			"rotation": {"angle": 0, "axis": "y", "origin": [0.5, 9, 21]},
			"faces": {
				"east": {"uv": [0, 4, 3, 6], "texture": "#0"},
				"south": {"uv": [2, 4, 1, 6], "texture": "#0"},
				"up": {"uv": [3, 4.5, 0, 4], "rotation": 90, "texture": "#0"},
				"down": {"uv": [0, 4, 3, 4.5], "rotation": 90, "texture": "#0"}
			}
		},
		{
			"from": [-0.5, 10, 13],
			"to": [0, 12, 16],
			"rotation": {"angle": 0, "axis": "y", "origin": [-3, 9, 21]},
			"faces": {
				"south": {"uv": [2, 4, 1, 6], "texture": "#0"},
				"west": {"uv": [3, 4, 0, 6], "texture": "#0"},
				"up": {"uv": [3, 4.5, 0, 4], "rotation": 90, "texture": "#0"},
				"down": {"uv": [0, 5, 3, 5.5], "rotation": 90, "texture": "#0"}
			}
		},
		{
			"from": [0.5, 3, 10],
			"to": [2.5, 10, 12],
			"rotation": {"angle": 0, "axis": "y", "origin": [-0.5, 2, 3]},
			"faces": {
				"north": {"uv": [5, 6, 6, 13], "texture": "#0"},
				"east": {"uv": [4, 6, 6, 13], "texture": "#0"},
				"south": {"uv": [5, 6, 4, 13], "texture": "#0"},
				"west": {"uv": [6, 6, 4, 13], "texture": "#0"},
				"down": {"uv": [4, 6, 6, 8], "texture": "#0"}
			}
		},
		{
			"from": [0.5, 3, 7],
			"to": [2.5, 10, 9],
			"rotation": {"angle": 0, "axis": "y", "origin": [-0.5, 2, 0]},
			"faces": {
				"north": {"uv": [8, 6, 9, 13], "texture": "#0"},
				"east": {"uv": [7, 6, 9, 13], "texture": "#0"},
				"south": {"uv": [8, 6, 7, 13], "texture": "#0"},
				"west": {"uv": [9, 6, 7, 13], "texture": "#0"},
				"down": {"uv": [7, 6, 9, 8], "texture": "#0"}
			}
		},
		{
			"from": [0.5, 3, 4],
			"to": [2.5, 10, 6],
			"rotation": {"angle": 0, "axis": "y", "origin": [-0.5, 2, -3]},
			"faces": {
				"north": {"uv": [4, 6, 5, 13], "texture": "#0"},
				"east": {"uv": [6, 6, 4, 13], "texture": "#0"},
				"south": {"uv": [6, 6, 5, 13], "texture": "#0"},
				"west": {"uv": [4, 6, 6, 13], "texture": "#0"},
				"down": {"uv": [4, 6, 6, 8], "texture": "#0"}
			}
		}
	]
}