{
	"credit": "Made by Ecorn",
	"textures": {
		"0": "block/pale_oak_trapdoor",
		"particle": "block/pale_oak_trapdoor"
	},
	"elements": [
		{
			"from": [0, 0, 13],
			"to": [16, 3, 16],
			"rotation": {"angle": 0, "axis": "x", "origin": [0, 0, 13]},
			"faces": {
				"north": {"uv": [16, 16, 0, 13], "rotation": 180, "texture": "#0"},
				"east": {"uv": [13, 0, 16, 3], "rotation": 90, "texture": "#0"},
				"south": {"uv": [0, 13, 16, 16], "texture": "#0"},
				"west": {"uv": [0, 0, 3, 3], "rotation": 270, "texture": "#0"},
				"up": {"uv": [0, 2, 16, 3], "texture": "#0"},
				"down": {"uv": [0, 0, 16, 3], "rotation": 180, "texture": "#0"}
			}
		},
		{
			"from": [0, 13, 13],
			"to": [16, 16, 16],
			"rotation": {"angle": 0, "axis": "x", "origin": [0, 0, 13]},
			"faces": {
				"north": {"uv": [16, 3, 0, 0], "rotation": 180, "texture": "#0"},
				"east": {"uv": [0, 0, 3, 3], "rotation": 90, "texture": "#0"},
				"south": {"uv": [0, 0, 16, 3], "texture": "#0"},
				"west": {"uv": [13, 0, 16, 3], "rotation": 270, "texture": "#0"},
				"up": {"uv": [0, 0, 16, 3], "texture": "#0"},
				"down": {"uv": [0, 2, 16, 3], "rotation": 180, "texture": "#0"}
			}
		},
		{
			"from": [0, 3, 13],
			"to": [3, 13, 16],
			"rotation": {"angle": 0, "axis": "x", "origin": [0, 0, 13]},
			"faces": {
				"north": {"uv": [16, 3, 13, 13], "rotation": 180, "texture": "#0"},
				"east": {"uv": [3, 2, 13, 3], "rotation": 90, "texture": "#0"},
				"south": {"uv": [0, 3, 3, 13], "texture": "#0"},
				"west": {"uv": [3, 0, 13, 3], "rotation": 270, "texture": "#0"}
			}
		},
		{
			"from": [13, 3, 13],
			"to": [16, 13, 16],
			"rotation": {"angle": 0, "axis": "x", "origin": [0, 0, 13]},
			"faces": {
				"north": {"uv": [3, 3, 0, 13], "rotation": 180, "texture": "#0"},
				"east": {"uv": [3, 0, 13, 3], "rotation": 90, "texture": "#0"},
				"south": {"uv": [13, 3, 16, 13], "texture": "#0"},
				"west": {"uv": [3, 2, 13, 3], "rotation": 270, "texture": "#0"}
			}
		},
		{
			"from": [3, 3, 14],
			"to": [13, 13, 15],
			"rotation": {"angle": 0, "axis": "x", "origin": [0, 0, 13]},
			"faces": {
				"north": {"uv": [13, 13, 3, 3], "rotation": 180, "texture": "#0"},
				"south": {"uv": [3, 3, 13, 13], "texture": "#0"}
			}
		},
		{
			"from": [4, 4, 13.5],
			"to": [6, 12, 15.5],
			"rotation": {"angle": 0, "axis": "x", "origin": [0, 0, 13]},
			"faces": {
				"north": {"uv": [10, 4, 12, 12], "rotation": 180, "texture": "#0"},
				"east": {"uv": [10, 4, 10.5, 12], "rotation": 180, "texture": "#0"},
				"south": {"uv": [10, 4, 12, 12], "texture": "#0"},
				"west": {"uv": [11, 4, 11.5, 12], "texture": "#0"},
				"up": {"uv": [10, 4, 12, 4.5], "texture": "#0"},
				"down": {"uv": [10, 11, 12, 11.5], "rotation": 180, "texture": "#0"}
			}
		},
		{
			"from": [7, 4, 13.5],
			"to": [9, 12, 15.5],
			"rotation": {"angle": 0, "axis": "x", "origin": [0, 0, 13]},
			"faces": {
				"north": {"uv": [7, 4, 9, 12], "rotation": 180, "texture": "#0"},
				"east": {"uv": [7, 4, 7.5, 12], "rotation": 180, "texture": "#0"},
				"south": {"uv": [7, 4, 9, 12], "texture": "#0"},
				"west": {"uv": [8, 4, 8.5, 12], "texture": "#0"},
				"up": {"uv": [7, 4, 9, 4.5], "texture": "#0"},
				"down": {"uv": [7, 11, 9, 11.5], "rotation": 180, "texture": "#0"}
			}
		},
		{
			"from": [10, 4, 13.5],
			"to": [12, 12, 15.5],
			"rotation": {"angle": 0, "axis": "x", "origin": [0, 0, 13]},
			"faces": {
				"north": {"uv": [12, 12, 10, 4], "rotation": 180, "texture": "#0"},
				"east": {"uv": [10, 4, 10.5, 12], "rotation": 180, "texture": "#0"},
				"south": {"uv": [12, 12, 10, 4], "texture": "#0"},
				"west": {"uv": [11, 4, 11.5, 12], "texture": "#0"},
				"up": {"uv": [10, 4, 12, 4.5], "texture": "#0"},
				"down": {"uv": [10, 11, 12, 11.5], "rotation": 180, "texture": "#0"}
			}
		},
		{
			"from": [6, 1, 12.5],
			"to": [10, 2, 16.5],
			"rotation": {"angle": 0, "axis": "x", "origin": [0, 0, 13]},
			"faces": {
				"north": {"uv": [6, 14, 10, 15], "rotation": 180, "texture": "#0"},
				"east": {"uv": [9, 14, 10, 15], "rotation": 90, "texture": "#0"},
				"south": {"uv": [6, 14, 10, 15], "texture": "#0"},
				"west": {"uv": [6, 14, 7, 15], "rotation": 270, "texture": "#0"},
				"up": {"uv": [6, 14, 10, 15], "texture": "#0"},
				"down": {"uv": [6, 14, 10, 15], "rotation": 180, "texture": "#0"}
			}
		},
		{
			"from": [7, 2, 12.5],
			"to": [9, 3, 13],
			"rotation": {"angle": 0, "axis": "x", "origin": [0, 0, 13]},
			"faces": {
				"north": {"uv": [9, 13, 7, 14], "rotation": 180, "texture": "#0"},
				"east": {"uv": [9, 14, 10, 14.5], "rotation": 90, "texture": "#0"},
				"west": {"uv": [6, 14, 7, 14.5], "rotation": 270, "texture": "#0"},
				"up": {"uv": [8, 14, 6, 14.5], "texture": "#0"}
			}
		},
		{
			"from": [7, 2, 16],
			"to": [9, 3, 16.5],
			"rotation": {"angle": 0, "axis": "x", "origin": [0, 0, 13]},
			"faces": {
				"east": {"uv": [9, 14, 10, 14.5], "rotation": 90, "texture": "#0"},
				"south": {"uv": [8, 14, 6, 15], "texture": "#0"},
				"west": {"uv": [7, 14, 8, 14.5], "rotation": 270, "texture": "#0"},
				"up": {"uv": [8, 14, 6, 14.5], "texture": "#0"}
			}
		}
	],
	"display": {
		"thirdperson_righthand": {
			"rotation": [75, 45, 0],
			"translation": [0, 2.5, 2.5],
			"scale": [0.375, 0.375, 0.375]
		},
		"thirdperson_lefthand": {
			"rotation": [75, 45, 0],
			"translation": [0, 2.5, 0],
			"scale": [0.375, 0.375, 0.375]
		},
		"firstperson_righthand": {
			"rotation": [0, 45, 0],
			"translation": [0, 3.5, 0],
			"scale": [0.4, 0.4, 0.4]
		},
		"firstperson_lefthand": {
			"rotation": [0, 225, 0],
			"translation": [0, 3.5, 0],
			"scale": [0.4, 0.4, 0.4]
		},
		"ground": {
			"translation": [0, 3, 0],
			"scale": [0.25, 0.25, 0.25]
		},
		"gui": {
			"rotation": [30, 225, 0],
			"scale": [0.625, 0.625, 0.625]
		},
		"fixed": {
			"scale": [0.5, 0.5, 0.5]
		}
	}
}