{
	"credit": "Made by Ecorn",
	"parent": "minecraft:block/door_bottom",
	"textures": {
		"particle": "block/weathered_copper_door_bottom",
		"bottom": "block/weathered_copper_door_bottom"
	},
	"elements": [
		{
			"from": [0, 0, 0],
			"to": [3, 16, 3],
			"faces": {
				"north": {"uv": [3, 0, 0, 16], "texture": "#bottom"},
				"east": {"uv": [3, 0, 0, 16], "texture": "#bottom"},
				"south": {"uv": [3, 0, 6, 16], "texture": "#bottom"},
				"west": {"uv": [0, 0, 3, 16], "texture": "#bottom"},
				"up": {"uv": [4, 0, 7, 3], "rotation": 180, "texture": "#bottom"},
				"down": {"uv": [2, 0, 5, 3], "rotation": 180, "texture": "#bottom"}
			}
		},
		{
			"from": [0, 0, 13],
			"to": [3, 16, 16],
			"faces": {
				"north": {"uv": [3, 0, 6, 16], "texture": "#bottom"},
				"east": {"uv": [16, 0, 13, 16], "texture": "#bottom"},
				"south": {"uv": [5, 16, 2, 0], "texture": "#bottom"},
				"west": {"uv": [13, 0, 16, 16], "texture": "#bottom"},
				"up": {"uv": [4, 0, 7, 3], "rotation": 180, "texture": "#bottom"},
				"down": {"uv": [2, 3, 5, 0], "rotation": 180, "texture": "#bottom"}
			}
		},
		{
			"from": [2.5, 10, 10],
			"to": [3.5, 12, 14],
			"faces": {
				"north": {"uv": [10, 4, 11, 6], "texture": "#bottom"},
				"east": {"uv": [14, 4, 10, 6], "texture": "#bottom"},
				"south": {"uv": [13, 4, 14, 6], "texture": "#bottom"},
				"up": {"uv": [10, 4, 14, 5], "rotation": 270, "texture": "#bottom"},
				"down": {"uv": [10, 5, 14, 6], "rotation": 90, "texture": "#bottom"}
			}
		},
		{
			"from": [3, 12, 13],
			"to": [3.5, 15, 14],
			"faces": {
				"north": {"uv": [10, 1, 11, 4], "texture": "#bottom"},
				"east": {"uv": [10, 1, 11, 4], "texture": "#bottom"},
				"south": {"uv": [10, 1, 11, 4], "texture": "#bottom"},
				"up": {"uv": [10, 1, 11, 2], "rotation": 180, "texture": "#bottom"}
			}
		},
		{
			"from": [2.5, 12, 10],
			"to": [3.5, 15, 11],
			"faces": {
				"north": {"uv": [10, 1, 11, 4], "texture": "#bottom"},
				"east": {"uv": [10, 1, 11, 4], "texture": "#bottom"},
				"south": {"uv": [10, 1, 11, 4], "texture": "#bottom"},
				"up": {"uv": [10, 1, 11, 2], "rotation": 180, "texture": "#bottom"}
			}
		},
		{
			"from": [-0.5, 10, 10],
			"to": [0.5, 12, 14],
			"faces": {
				"north": {"uv": [10, 4, 11, 6], "texture": "#bottom"},
				"south": {"uv": [13, 4, 14, 6], "texture": "#bottom"},
				"west": {"uv": [10, 4, 14, 6], "texture": "#bottom"},
				"up": {"uv": [10, 4, 14, 5], "rotation": 270, "texture": "#bottom"},
				"down": {"uv": [10, 5, 14, 6], "rotation": 90, "texture": "#bottom"}
			}
		},
		{
			"from": [-0.5, 12, 10],
			"to": [0.5, 15, 11],
			"faces": {
				"north": {"uv": [10, 1, 11, 4], "texture": "#bottom"},
				"south": {"uv": [10, 1, 11, 4], "texture": "#bottom"},
				"west": {"uv": [10, 1, 11, 4], "texture": "#bottom"},
				"up": {"uv": [10, 1, 11, 2], "rotation": 180, "texture": "#bottom"}
			}
		},
		{
			"from": [-0.5, 12, 13],
			"to": [0, 15, 14],
			"faces": {
				"north": {"uv": [13, 1, 14, 4], "texture": "#bottom"},
				"south": {"uv": [13, 1, 14, 4], "texture": "#bottom"},
				"west": {"uv": [13, 1, 14, 4], "texture": "#bottom"},
				"up": {"uv": [13, 1, 14, 2], "rotation": 180, "texture": "#bottom"}
			}
		},
		{
			"from": [0, 0, 3],
			"to": [3, 3, 13],
			"faces": {
				"east": {"uv": [13, 13, 3, 16], "texture": "#bottom"},
				"west": {"uv": [3, 13, 13, 16], "texture": "#bottom"},
				"up": {"uv": [6, 3, 9, 13], "rotation": 180, "texture": "#bottom"},
				"down": {"uv": [2, 3, 5, 13], "rotation": 180, "texture": "#bottom"}
			}
		},
		{
			"from": [0.5, 3, 3],
			"to": [2.5, 16, 13],
			"faces": {
				"east": {"uv": [13, 0, 3, 13], "texture": "#bottom"},
				"west": {"uv": [3, 0, 13, 13], "texture": "#bottom"},
				"up": {"uv": [3, 1, 5, 11], "rotation": 180, "texture": "#bottom"}
			}
		},
		{
			"from": [2, 4, 10],
			"to": [3, 6, 12],
			"faces": {
				"north": {"uv": [4, 10, 5, 12], "texture": "#bottom"},
				"east": {"uv": [6, 10, 4, 12], "texture": "#bottom"},
				"south": {"uv": [5, 10, 6, 12], "texture": "#bottom"},
				"up": {"uv": [5, 12, 4, 10], "rotation": 180, "texture": "#bottom"}
			}
		},
		{
			"from": [2, 4, 4],
			"to": [3, 6, 6],
			"faces": {
				"north": {"uv": [4, 10, 5, 12], "texture": "#bottom"},
				"east": {"uv": [6, 10, 4, 12], "texture": "#bottom"},
				"south": {"uv": [5, 10, 6, 12], "texture": "#bottom"},
				"up": {"uv": [5, 12, 4, 10], "rotation": 180, "texture": "#bottom"}
			}
		},
		{
			"from": [2.5, 14, 7],
			"to": [3, 16, 9],
			"faces": {
				"north": {"uv": [4, 10, 5, 12], "texture": "#bottom"},
				"east": {"uv": [6, 10, 4, 12], "texture": "#bottom"},
				"south": {"uv": [5, 10, 6, 12], "texture": "#bottom"},
				"up": {"uv": [5, 12, 4, 10], "rotation": 180, "texture": "#bottom"},
				"down": {"uv": [5, 10, 6, 12], "rotation": 180, "texture": "#bottom"}
			}
		},
		{
			"from": [2.5, 14, 3],
			"to": [3, 16, 5],
			"faces": {
				"east": {"uv": [5, 0, 3, 2], "texture": "#bottom"},
				"south": {"uv": [4, 0, 5, 2], "texture": "#bottom"},
				"up": {"uv": [4, 2, 3, 0], "rotation": 180, "texture": "#bottom"},
				"down": {"uv": [4, 0, 5, 2], "rotation": 180, "texture": "#bottom"}
			}
		},
		{
			"from": [0, 4, 4],
			"to": [1, 6, 6],
			"faces": {
				"north": {"uv": [4, 10, 5, 12], "texture": "#bottom"},
				"south": {"uv": [5, 10, 6, 12], "texture": "#bottom"},
				"west": {"uv": [4, 10, 6, 12], "texture": "#bottom"},
				"up": {"uv": [5, 12, 4, 10], "rotation": 180, "texture": "#bottom"}
			}
		},
		{
			"from": [0, 4, 10],
			"to": [1, 6, 12],
			"faces": {
				"north": {"uv": [4, 10, 5, 12], "texture": "#bottom"},
				"south": {"uv": [5, 10, 6, 12], "texture": "#bottom"},
				"west": {"uv": [4, 10, 6, 12], "texture": "#bottom"},
				"up": {"uv": [5, 12, 4, 10], "rotation": 180, "texture": "#bottom"}
			}
		},
		{
			"from": [0, 14, 7],
			"to": [0.5, 16, 9],
			"faces": {
				"north": {"uv": [4, 10, 5, 12], "texture": "#bottom"},
				"south": {"uv": [5, 10, 6, 12], "texture": "#bottom"},
				"west": {"uv": [4, 10, 6, 12], "texture": "#bottom"},
				"up": {"uv": [5, 12, 4, 10], "rotation": 180, "texture": "#bottom"},
				"down": {"uv": [5, 10, 6, 12], "rotation": 180, "texture": "#bottom"}
			}
		},
		{
			"from": [0, 14, 3],
			"to": [0.5, 16, 5],
			"faces": {
				"south": {"uv": [4, 0, 5, 2], "texture": "#bottom"},
				"west": {"uv": [3, 0, 5, 2], "texture": "#bottom"},
				"up": {"uv": [4, 2, 3, 0], "rotation": 180, "texture": "#bottom"},
				"down": {"uv": [4, 0, 5, 2], "rotation": 180, "texture": "#bottom"}
			}
		},
		{
			"from": [-0.5, 15, 11],
			"to": [0.5, 16, 13],
			"faces": {
				"north": {"uv": [11, 0, 12, 1], "texture": "#bottom"},
				"east": {"uv": [11, 0, 13, 1], "texture": "#bottom"},
				"south": {"uv": [11, 0, 12, 1], "texture": "#bottom"},
				"west": {"uv": [11, 0, 13, 1], "texture": "#bottom"},
				"up": {"uv": [11, 0, 12, 1], "texture": "#bottom"},
				"down": {"uv": [11, 0, 12, 1], "texture": "#bottom"}
			}
		},
		{
			"from": [2.5, 15, 11],
			"to": [3.5, 16, 13],
			"faces": {
				"north": {"uv": [11, 0, 12, 1], "texture": "#bottom"},
				"east": {"uv": [11, 0, 13, 1], "texture": "#bottom"},
				"south": {"uv": [11, 0, 12, 1], "texture": "#bottom"},
				"west": {"uv": [11, 0, 13, 1], "texture": "#bottom"},
				"up": {"uv": [11, 0, 12, 1], "texture": "#bottom"},
				"down": {"uv": [11, 0, 12, 1], "texture": "#bottom"}
			}
		}
	]
}